# --- WireDatabaseBackup {"time":"2024-08-17 21:49:07","user":"admin","dbName":"db","description":"","tables":[],"excludeTables":[],"excludeCreateTables":[],"excludeExportTables":[]}

DROP TABLE IF EXISTS `caches`;
CREATE TABLE `caches` (
  `name` varchar(191) NOT NULL,
  `data` mediumtext NOT NULL,
  `expires` datetime NOT NULL,
  PRIMARY KEY (`name`),
  KEY `expires` (`expires`)
) ENGINE=InnoDB DEFAULT CHARSET=utf8mb4 COLLATE=utf8mb4_general_ci;

INSERT INTO `caches` (`name`, `data`, `expires`) VALUES('Modules.info', '{\"40\":{\"name\":\"InputfieldHidden\",\"title\":\"Hidden\",\"version\":101,\"created\":1723921464,\"permanent\":true},\"56\":{\"name\":\"InputfieldImage\",\"title\":\"Images\",\"version\":129,\"created\":1723921464,\"permanent\":true},\"43\":{\"name\":\"InputfieldSelectMultiple\",\"title\":\"Select Multiple\",\"version\":101,\"created\":1723921464,\"permanent\":true},\"60\":{\"name\":\"InputfieldPage\",\"title\":\"Page\",\"version\":109,\"created\":1723921464,\"configurable\":3,\"permanent\":true},\"80\":{\"name\":\"InputfieldEmail\",\"title\":\"Email\",\"version\":102,\"created\":1723921464},\"155\":{\"name\":\"InputfieldTinyMCE\",\"title\":\"TinyMCE\",\"version\":618,\"icon\":\"keyboard-o\",\"requiresVersions\":{\"ProcessWire\":[\">=\",\"3.0.200\"],\"MarkupHTMLPurifier\":[\">=\",0]},\"created\":1723921464,\"configurable\":4},\"205\":{\"name\":\"InputfieldIcon\",\"title\":\"Icon\",\"version\":3,\"created\":1723921483},\"122\":{\"name\":\"InputfieldPassword\",\"title\":\"Password\",\"version\":102,\"created\":1723921464,\"permanent\":true},\"85\":{\"name\":\"InputfieldInteger\",\"title\":\"Integer\",\"version\":105,\"created\":1723921464,\"permanent\":true},\"35\":{\"name\":\"InputfieldTextarea\",\"title\":\"Textarea\",\"version\":103,\"created\":1723921464,\"permanent\":true},\"36\":{\"name\":\"InputfieldSelect\",\"title\":\"Select\",\"version\":103,\"created\":1723921464,\"permanent\":true},\"30\":{\"name\":\"InputfieldForm\",\"title\":\"Form\",\"version\":107,\"created\":1723921464,\"permanent\":true},\"137\":{\"name\":\"InputfieldPageListSelectMultiple\",\"title\":\"Page List Select Multiple\",\"version\":103,\"created\":1723921464,\"permanent\":true},\"15\":{\"name\":\"InputfieldPageListSelect\",\"title\":\"Page List Select\",\"version\":101,\"created\":1723921464,\"permanent\":true},\"25\":{\"name\":\"InputfieldAsmSelect\",\"title\":\"asmSelect\",\"version\":203,\"created\":1723921464,\"permanent\":true},\"149\":{\"name\":\"InputfieldSelector\",\"title\":\"Selector\",\"version\":28,\"autoload\":\"template=admin\",\"created\":1723921464,\"configurable\":3,\"addFlag\":32},\"32\":{\"name\":\"InputfieldSubmit\",\"title\":\"Submit\",\"version\":103,\"created\":1723921464,\"permanent\":true},\"41\":{\"name\":\"InputfieldName\",\"title\":\"Name\",\"version\":100,\"created\":1723921464,\"permanent\":true},\"79\":{\"name\":\"InputfieldMarkup\",\"title\":\"Markup\",\"version\":102,\"created\":1723921464,\"permanent\":true},\"295\":{\"name\":\"InputfieldTextTags\",\"title\":\"Text Tags\",\"version\":7,\"icon\":\"tags\",\"created\":1723921646},\"38\":{\"name\":\"InputfieldCheckboxes\",\"title\":\"Checkboxes\",\"version\":108,\"created\":1723921464,\"permanent\":true},\"112\":{\"name\":\"InputfieldPageTitle\",\"title\":\"Page Title\",\"version\":102,\"created\":1723921464,\"permanent\":true},\"78\":{\"name\":\"InputfieldFieldset\",\"title\":\"Fieldset\",\"version\":101,\"created\":1723921464,\"permanent\":true},\"108\":{\"name\":\"InputfieldURL\",\"title\":\"URL\",\"version\":103,\"created\":1723921464},\"94\":{\"name\":\"InputfieldDatetime\",\"title\":\"Datetime\",\"version\":108,\"created\":1723921464,\"permanent\":true},\"131\":{\"name\":\"InputfieldButton\",\"title\":\"Button\",\"version\":100,\"created\":1723921464,\"permanent\":true},\"86\":{\"name\":\"InputfieldPageName\",\"title\":\"Page Name\",\"version\":106,\"created\":1723921464,\"configurable\":3,\"permanent\":true},\"39\":{\"name\":\"InputfieldRadios\",\"title\":\"Radio Buttons\",\"version\":106,\"created\":1723921464,\"permanent\":true},\"90\":{\"name\":\"InputfieldFloat\",\"title\":\"Float\",\"version\":105,\"created\":1723921464,\"permanent\":true},\"37\":{\"name\":\"InputfieldCheckbox\",\"title\":\"Checkbox\",\"version\":106,\"created\":1723921464,\"permanent\":true},\"34\":{\"name\":\"InputfieldText\",\"title\":\"Text\",\"version\":106,\"created\":1723921464,\"permanent\":true},\"55\":{\"name\":\"InputfieldFile\",\"title\":\"Files\",\"version\":129,\"created\":1723921464,\"permanent\":true},\"187\":{\"name\":\"AdminThemeUikit\",\"title\":\"Uikit\",\"version\":34,\"autoload\":\"template=admin\",\"created\":1723921474,\"configurable\":4},\"148\":{\"name\":\"AdminThemeDefault\",\"title\":\"Default\",\"version\":14,\"autoload\":\"template=admin\",\"created\":1723921464,\"configurable\":19},\"61\":{\"name\":\"TextformatterEntities\",\"title\":\"HTML Entity Encoder (htmlspecialchars)\",\"version\":100,\"created\":1723921464},\"125\":{\"name\":\"SessionLoginThrottle\",\"title\":\"Session Login Throttle\",\"version\":103,\"autoload\":\"function\",\"singular\":true,\"created\":1723921464,\"configurable\":3},\"67\":{\"name\":\"MarkupAdminDataTable\",\"title\":\"Admin Data Table\",\"version\":107,\"created\":1723921464,\"permanent\":true},\"156\":{\"name\":\"MarkupHTMLPurifier\",\"title\":\"HTML Purifier\",\"version\":497,\"created\":1723921464},\"98\":{\"name\":\"MarkupPagerNav\",\"title\":\"Pager (Pagination) Navigation\",\"version\":105,\"created\":1723921464},\"113\":{\"name\":\"MarkupPageArray\",\"title\":\"PageArray Markup\",\"version\":100,\"autoload\":true,\"singular\":true,\"created\":1723921464},\"139\":{\"name\":\"SystemUpdater\",\"title\":\"System Updater\",\"version\":20,\"singular\":true,\"created\":1723921464,\"configurable\":3,\"permanent\":true},\"28\":{\"name\":\"FieldtypeDatetime\",\"title\":\"Datetime\",\"version\":105,\"created\":1723921464},\"4\":{\"name\":\"FieldtypePage\",\"title\":\"Page Reference\",\"version\":107,\"created\":1723921464,\"configurable\":3,\"permanent\":true},\"107\":{\"name\":\"FieldtypeFieldsetTabOpen\",\"title\":\"Fieldset in Tab (Open)\",\"version\":100,\"singular\":1,\"created\":1723921464,\"permanent\":true},\"135\":{\"name\":\"FieldtypeURL\",\"title\":\"URL\",\"version\":101,\"singular\":1,\"created\":1723921464,\"permanent\":true},\"106\":{\"name\":\"FieldtypeFieldsetClose\",\"title\":\"Fieldset (Close)\",\"version\":100,\"singular\":1,\"created\":1723921464,\"permanent\":true},\"1\":{\"name\":\"FieldtypeTextarea\",\"title\":\"Textarea\",\"version\":107,\"created\":1723921464,\"permanent\":true},\"133\":{\"name\":\"FieldtypePassword\",\"title\":\"Password\",\"version\":101,\"singular\":true,\"created\":1723921464,\"permanent\":true},\"27\":{\"name\":\"FieldtypeModule\",\"title\":\"Module Reference\",\"version\":102,\"created\":1723921464,\"permanent\":true},\"97\":{\"name\":\"FieldtypeCheckbox\",\"title\":\"Checkbox\",\"version\":101,\"singular\":1,\"created\":1723921464,\"permanent\":true},\"57\":{\"name\":\"FieldtypeImage\",\"title\":\"Images\",\"version\":102,\"created\":1723921464,\"configurable\":4,\"permanent\":true},\"3\":{\"name\":\"FieldtypeText\",\"title\":\"Text\",\"version\":102,\"created\":1723921464,\"permanent\":true},\"29\":{\"name\":\"FieldtypeEmail\",\"title\":\"E-Mail\",\"version\":101,\"created\":1723921464},\"111\":{\"name\":\"FieldtypePageTitle\",\"title\":\"Page Title\",\"version\":100,\"singular\":true,\"created\":1723921464,\"permanent\":true},\"84\":{\"name\":\"FieldtypeInteger\",\"title\":\"Integer\",\"version\":102,\"created\":1723921464,\"permanent\":true},\"89\":{\"name\":\"FieldtypeFloat\",\"title\":\"Float\",\"version\":108,\"singular\":1,\"created\":1723921464,\"permanent\":true},\"6\":{\"name\":\"FieldtypeFile\",\"title\":\"Files\",\"version\":107,\"created\":1723921464,\"configurable\":4,\"permanent\":true},\"105\":{\"name\":\"FieldtypeFieldsetOpen\",\"title\":\"Fieldset (Open)\",\"version\":101,\"singular\":1,\"created\":1723921464,\"permanent\":true},\"151\":{\"name\":\"JqueryMagnific\",\"title\":\"jQuery Magnific Popup\",\"version\":\"1.1.0\",\"singular\":1,\"created\":1723921464},\"45\":{\"name\":\"JqueryWireTabs\",\"title\":\"jQuery Wire Tabs Plugin\",\"version\":110,\"created\":1723921464,\"configurable\":3,\"permanent\":true},\"116\":{\"name\":\"JqueryCore\",\"title\":\"jQuery Core\",\"version\":\"1.12.4\",\"singular\":true,\"created\":1723921464,\"permanent\":true},\"117\":{\"name\":\"JqueryUI\",\"title\":\"jQuery UI\",\"version\":\"1.10.4\",\"singular\":true,\"created\":1723921464,\"permanent\":true},\"103\":{\"name\":\"JqueryTableSorter\",\"title\":\"jQuery Table Sorter Plugin\",\"version\":\"2.31.3\",\"singular\":1,\"created\":1723921464},\"114\":{\"name\":\"PagePermissions\",\"title\":\"Page Permissions\",\"version\":105,\"autoload\":true,\"singular\":true,\"created\":1723921464,\"permanent\":true},\"115\":{\"name\":\"PageRender\",\"title\":\"Page Render\",\"version\":105,\"autoload\":true,\"singular\":true,\"created\":1723921464,\"configurable\":3,\"permanent\":true},\"129\":{\"name\":\"ProcessPageEditImageSelect\",\"title\":\"Page Edit Image\",\"version\":121,\"permission\":\"page-edit\",\"singular\":1,\"created\":1723921464,\"configurable\":3,\"permanent\":true},\"134\":{\"name\":\"ProcessPageType\",\"title\":\"Page Type\",\"version\":101,\"singular\":1,\"created\":1723921464,\"configurable\":3,\"permanent\":true,\"useNavJSON\":true,\"addFlag\":32},\"136\":{\"name\":\"ProcessPermission\",\"title\":\"Permissions\",\"version\":101,\"icon\":\"gear\",\"permission\":\"permission-admin\",\"singular\":1,\"created\":1723921464,\"configurable\":3,\"permanent\":true,\"useNavJSON\":true},\"87\":{\"name\":\"ProcessHome\",\"title\":\"Admin Home\",\"version\":101,\"permission\":\"page-view\",\"created\":1723921464,\"permanent\":true},\"50\":{\"name\":\"ProcessModule\",\"title\":\"Modules\",\"version\":121,\"permission\":\"module-admin\",\"created\":1723921464,\"permanent\":true,\"useNavJSON\":true,\"nav\":[{\"url\":\"?site#tab_site_modules\",\"label\":\"Site\",\"icon\":\"plug\",\"navJSON\":\"navJSON\\/?site=1\"},{\"url\":\"?core#tab_core_modules\",\"label\":\"Core\",\"icon\":\"plug\",\"navJSON\":\"navJSON\\/?core=1\"},{\"url\":\"?configurable#tab_configurable_modules\",\"label\":\"Configure\",\"icon\":\"gear\",\"navJSON\":\"navJSON\\/?configurable=1\"},{\"url\":\"?install#tab_install_modules\",\"label\":\"Install\",\"icon\":\"sign-in\",\"navJSON\":\"navJSON\\/?install=1\"},{\"url\":\"?new#tab_new_modules\",\"label\":\"New\",\"icon\":\"plus\"},{\"url\":\"?reset=1\",\"label\":\"Refresh\",\"icon\":\"refresh\"}]},\"138\":{\"name\":\"ProcessProfile\",\"title\":\"User Profile\",\"version\":105,\"permission\":\"profile-edit\",\"singular\":1,\"created\":1723921464,\"configurable\":3,\"permanent\":true},\"68\":{\"name\":\"ProcessRole\",\"title\":\"Roles\",\"version\":104,\"icon\":\"gears\",\"permission\":\"role-admin\",\"created\":1723921464,\"configurable\":3,\"permanent\":true,\"useNavJSON\":true},\"83\":{\"name\":\"ProcessPageView\",\"title\":\"Page View\",\"version\":106,\"permission\":\"page-view\",\"created\":1723921464,\"permanent\":true},\"17\":{\"name\":\"ProcessPageAdd\",\"title\":\"Page Add\",\"version\":109,\"icon\":\"plus-circle\",\"permission\":\"page-edit\",\"created\":1723921464,\"configurable\":3,\"permanent\":true,\"useNavJSON\":true},\"14\":{\"name\":\"ProcessPageSort\",\"title\":\"Page Sort and Move\",\"version\":101,\"permission\":\"page-edit\",\"created\":1723921464,\"permanent\":true},\"47\":{\"name\":\"ProcessTemplate\",\"title\":\"Templates\",\"version\":114,\"icon\":\"cubes\",\"permission\":\"template-admin\",\"created\":1723921464,\"configurable\":4,\"permanent\":true,\"useNavJSON\":true},\"104\":{\"name\":\"ProcessPageSearch\",\"title\":\"Page Search\",\"version\":108,\"permission\":\"page-edit\",\"singular\":1,\"created\":1723921464,\"configurable\":3,\"permanent\":true},\"48\":{\"name\":\"ProcessField\",\"title\":\"Fields\",\"version\":114,\"icon\":\"cube\",\"permission\":\"field-admin\",\"created\":1723921464,\"configurable\":3,\"permanent\":true,\"useNavJSON\":true,\"addFlag\":32},\"7\":{\"name\":\"ProcessPageEdit\",\"title\":\"Page Edit\",\"version\":112,\"icon\":\"edit\",\"permission\":\"page-edit\",\"singular\":1,\"created\":1723921464,\"configurable\":3,\"permanent\":true,\"useNavJSON\":true},\"121\":{\"name\":\"ProcessPageEditLink\",\"title\":\"Page Edit Link\",\"version\":112,\"icon\":\"link\",\"permission\":\"page-edit\",\"singular\":1,\"created\":1723921464,\"configurable\":4,\"permanent\":true},\"109\":{\"name\":\"ProcessPageTrash\",\"title\":\"Page Trash\",\"version\":103,\"singular\":1,\"created\":1723921464,\"permanent\":true},\"66\":{\"name\":\"ProcessUser\",\"title\":\"Users\",\"version\":107,\"icon\":\"group\",\"permission\":\"user-admin\",\"created\":1723921464,\"configurable\":\"ProcessUserConfig.php\",\"permanent\":true,\"useNavJSON\":true},\"76\":{\"name\":\"ProcessList\",\"title\":\"List\",\"version\":101,\"permission\":\"page-view\",\"created\":1723921464,\"permanent\":true},\"175\":{\"name\":\"ProcessRecentPages\",\"title\":\"Recent Pages\",\"version\":2,\"icon\":\"clock-o\",\"permission\":\"page-edit-recent\",\"singular\":1,\"created\":1723921474,\"useNavJSON\":true,\"nav\":[{\"url\":\"?edited=1\",\"label\":\"Edited\",\"icon\":\"users\",\"navJSON\":\"navJSON\\/?edited=1\"},{\"url\":\"?added=1\",\"label\":\"Created\",\"icon\":\"users\",\"navJSON\":\"navJSON\\/?added=1\"},{\"url\":\"?edited=1&me=1\",\"label\":\"Edited by me\",\"icon\":\"user\",\"navJSON\":\"navJSON\\/?edited=1&me=1\"},{\"url\":\"?added=1&me=1\",\"label\":\"Created by me\",\"icon\":\"user\",\"navJSON\":\"navJSON\\/?added=1&me=1\"},{\"url\":\"another\\/\",\"label\":\"Add another\",\"icon\":\"plus-circle\",\"navJSON\":\"anotherNavJSON\\/\"}]},\"12\":{\"name\":\"ProcessPageList\",\"title\":\"Page List\",\"version\":124,\"icon\":\"sitemap\",\"permission\":\"page-edit\",\"created\":1723921464,\"configurable\":3,\"permanent\":true,\"useNavJSON\":true},\"10\":{\"name\":\"ProcessLogin\",\"title\":\"Login\",\"version\":109,\"permission\":\"page-view\",\"created\":1723921464,\"configurable\":4,\"permanent\":true},\"200\":{\"name\":\"ProcessLogger\",\"title\":\"Logs\",\"version\":2,\"icon\":\"tree\",\"permission\":\"logs-view\",\"singular\":1,\"created\":1723921483,\"useNavJSON\":true},\"150\":{\"name\":\"ProcessPageLister\",\"title\":\"Lister\",\"version\":26,\"icon\":\"search\",\"permission\":\"page-lister\",\"created\":1723921464,\"configurable\":true,\"permanent\":true,\"useNavJSON\":true,\"addFlag\":32},\"290\":{\"name\":\"ProcessDatabaseBackups\",\"title\":\"Database Backups\",\"version\":6,\"icon\":\"database\",\"requiresVersions\":{\"ProcessWire\":[\">=\",\"3.0.62\"]},\"permission\":\"db-backup\",\"singular\":1,\"created\":1723921635,\"nav\":[{\"url\":\".\\/\",\"label\":\"View\",\"icon\":\"list\"},{\"url\":\"backup\\/\",\"label\":\"Backup\",\"icon\":\"plus-circle\"},{\"url\":\"upload\\/\",\"label\":\"Upload\",\"icon\":\"cloud-upload\"}]},\"273\":{\"name\":\"ImportPagesCSV\",\"title\":\"Import Pages from CSV\",\"version\":108,\"icon\":\"table\",\"requiresVersions\":{\"ProcessWire\":[\">=\",\"3.0.123\"]},\"singular\":1,\"created\":1723921619},\"328\":{\"name\":\"RockFrontend\",\"title\":\"RockFrontend\",\"version\":\"3.19.0\",\"icon\":\"paint-brush\",\"requiresVersions\":{\"PHP\":[\">=\",\"8.1\"]},\"autoload\":true,\"singular\":true,\"created\":1723922611,\"configurable\":4},\"306\":{\"name\":\"TemplateEngineFactory\",\"title\":\"Template Engine Factory\",\"version\":210,\"requiresVersions\":{\"PHP\":[\">=\",\"7.0\"],\"ProcessWire\":[\">=\",\"3.0\"]},\"autoload\":true,\"singular\":true,\"created\":1723922086,\"configurable\":true},\"311\":{\"name\":\"TemplateEngineTwig\",\"title\":\"Template Engine Twig\",\"version\":301,\"requiresVersions\":{\"TemplateEngineFactory\":[\">=\",\"2.0.0\"],\"PHP\":[\">=\",\"7.0\"],\"ProcessWire\":[\">=\",\"3.0\"]},\"autoload\":true,\"singular\":true,\"created\":1723922098,\"configurable\":true},\"256\":{\"name\":\"AutocompleteModuleClassName\",\"title\":\"Autocomplete Module Class Name\",\"version\":\"0.1.6\",\"icon\":\"angle-double-right\",\"requiresVersions\":{\"ProcessWire\":[\">=\",\"3.0.16\"]},\"autoload\":\"template=admin\",\"created\":1723921543,\"configurable\":4},\"333\":{\"name\":\"TextformatterMarkdownExtra\",\"title\":\"Markdown\\/Parsedown Extra\",\"version\":180,\"singular\":true,\"configurable\":4}}', '2010-04-08 03:10:01');
INSERT INTO `caches` (`name`, `data`, `expires`) VALUES('Modules.site/modules/', 'ProcessDatabaseBackups/ProcessDatabaseBackups.module\nImportPagesCSV/ImportPagesCSV.module\nRockFrontend/TextformatterRockFrontend.module.php\nRockFrontend/RockFrontend.module.php\nTemplateEngineTwig/TemplateEngineTwig.module.php\nTemplateEngineFactory/TemplateEngineProcesswire.module.php\nTemplateEngineFactory/TemplateEngineFactory.module.php\nAutocompleteModuleClassName/AutocompleteModuleClassName.module', '2010-04-08 03:10:01');
INSERT INTO `caches` (`name`, `data`, `expires`) VALUES('Modules.wire/modules/', 'Inputfield/InputfieldHidden.module\nInputfield/InputfieldPageTable/InputfieldPageTable.module\nInputfield/InputfieldImage/InputfieldImage.module\nInputfield/InputfieldSelectMultiple.module\nInputfield/InputfieldPage/InputfieldPage.module\nInputfield/InputfieldEmail.module\nInputfield/InputfieldTinyMCE/InputfieldTinyMCE.module.php\nInputfield/InputfieldIcon/InputfieldIcon.module\nInputfield/InputfieldPassword/InputfieldPassword.module\nInputfield/InputfieldInteger.module\nInputfield/InputfieldTextarea.module\nInputfield/InputfieldSelect.module\nInputfield/InputfieldForm.module\nInputfield/InputfieldPageListSelect/InputfieldPageListSelectMultiple.module\nInputfield/InputfieldPageListSelect/InputfieldPageListSelect.module\nInputfield/InputfieldAsmSelect/InputfieldAsmSelect.module\nInputfield/InputfieldSelector/InputfieldSelector.module\nInputfield/InputfieldSubmit/InputfieldSubmit.module\nInputfield/InputfieldName.module\nInputfield/InputfieldPageAutocomplete/InputfieldPageAutocomplete.module\nInputfield/InputfieldToggle/InputfieldToggle.module\nInputfield/InputfieldMarkup.module\nInputfield/InputfieldTextTags/InputfieldTextTags.module\nInputfield/InputfieldCheckboxes/InputfieldCheckboxes.module\nInputfield/InputfieldPageTitle/InputfieldPageTitle.module\nInputfield/InputfieldFieldset.module\nInputfield/InputfieldURL.module\nInputfield/InputfieldDatetime/InputfieldDatetime.module\nInputfield/InputfieldButton.module\nInputfield/InputfieldPageName/InputfieldPageName.module\nInputfield/InputfieldRadios/InputfieldRadios.module\nInputfield/InputfieldFloat.module\nInputfield/InputfieldCheckbox/InputfieldCheckbox.module\nInputfield/InputfieldText/InputfieldText.module\nInputfield/InputfieldCKEditor/InputfieldCKEditor.module\nInputfield/InputfieldFile/InputfieldFile.module\nLazyCron.module\nAdminTheme/AdminThemeReno/AdminThemeReno.module\nAdminTheme/AdminThemeUikit/AdminThemeUikit.module\nAdminTheme/AdminThemeDefault/AdminThemeDefault.module\nPagePathHistory.module\nImage/ImageSizerEngineAnimatedGif/ImageSizerEngineAnimatedGif.module\nImage/ImageSizerEngineIMagick/ImageSizerEngineIMagick.module\nTextformatter/TextformatterMarkdownExtra/TextformatterMarkdownExtra.module\nTextformatter/TextformatterEntities.module\nTextformatter/TextformatterNewlineUL.module\nTextformatter/TextformatterSmartypants/TextformatterSmartypants.module\nTextformatter/TextformatterStripTags.module\nTextformatter/TextformatterPstripper.module\nTextformatter/TextformatterNewlineBR.module\nPages/PagesVersions/PagesVersions.module.php\nSession/SessionLoginThrottle/SessionLoginThrottle.module\nSession/SessionHandlerDB/ProcessSessionDB.module\nSession/SessionHandlerDB/SessionHandlerDB.module\nMarkup/MarkupAdminDataTable/MarkupAdminDataTable.module\nMarkup/MarkupRSS.module\nMarkup/MarkupHTMLPurifier/MarkupHTMLPurifier.module\nMarkup/MarkupPagerNav/MarkupPagerNav.module\nMarkup/MarkupCache.module\nMarkup/MarkupPageFields.module\nMarkup/MarkupPageArray.module\nSystem/SystemNotifications/SystemNotifications.module\nSystem/SystemNotifications/FieldtypeNotifications.module\nSystem/SystemUpdater/SystemUpdater.module\nPage/PageFrontEdit/PageFrontEdit.module\nFieldtype/FieldtypeDatetime.module\nFieldtype/FieldtypePage.module\nFieldtype/FieldtypeFieldsetTabOpen.module\nFieldtype/FieldtypeURL.module\nFieldtype/FieldtypeFieldsetClose.module\nFieldtype/FieldtypeTextarea.module\nFieldtype/FieldtypePassword.module\nFieldtype/FieldtypeModule.module\nFieldtype/FieldtypeCheckbox.module\nFieldtype/FieldtypeSelector.module\nFieldtype/FieldtypeComments/CommentFilterAkismet.module\nFieldtype/FieldtypeComments/FieldtypeComments.module\nFieldtype/FieldtypeComments/InputfieldCommentsAdmin.module\nFieldtype/FieldtypeImage/FieldtypeImage.module\nFieldtype/FieldtypeText.module\nFieldtype/FieldtypeCache.module\nFieldtype/FieldtypeOptions/FieldtypeOptions.module\nFieldtype/FieldtypePageTable.module\nFieldtype/FieldtypeEmail.module\nFieldtype/FieldtypePageTitle.module\nFieldtype/FieldtypeToggle.module\nFieldtype/FieldtypeInteger.module\nFieldtype/FieldtypeRepeater/FieldtypeFieldsetPage.module\nFieldtype/FieldtypeRepeater/FieldtypeRepeater.module\nFieldtype/FieldtypeRepeater/InputfieldRepeater.module\nFieldtype/FieldtypeDecimal.module\nFieldtype/FieldtypeFloat.module\nFieldtype/FieldtypeFile/FieldtypeFile.module\nFieldtype/FieldtypeFieldsetOpen.module\nPagePaths.module\nJquery/JqueryMagnific/JqueryMagnific.module\nJquery/JqueryWireTabs/JqueryWireTabs.module\nJquery/JqueryCore/JqueryCore.module\nJquery/JqueryUI/JqueryUI.module\nJquery/JqueryTableSorter/JqueryTableSorter.module\nPagePermissions.module\nLanguageSupport/LanguageSupportFields.module\nLanguageSupport/FieldtypeTextareaLanguage.module\nLanguageSupport/FieldtypeTextLanguage.module\nLanguageSupport/LanguageTabs.module\nLanguageSupport/ProcessLanguageTranslator.module\nLanguageSupport/FieldtypePageTitleLanguage.module\nLanguageSupport/LanguageSupport.module\nLanguageSupport/ProcessLanguage.module\nLanguageSupport/LanguageSupportPageNames.module\nFileCompilerTags.module\nPageRender.module\nProcess/ProcessPagesExportImport/ProcessPagesExportImport.module\nProcess/ProcessPageEditImageSelect/ProcessPageEditImageSelect.module\nProcess/ProcessPageType/ProcessPageType.module\nProcess/ProcessPermission/ProcessPermission.module\nProcess/ProcessHome.module\nProcess/ProcessCommentsManager/ProcessCommentsManager.module\nProcess/ProcessModule/ProcessModule.module\nProcess/ProcessProfile/ProcessProfile.module\nProcess/ProcessRole/ProcessRole.module\nProcess/ProcessPageView.module\nProcess/ProcessPageAdd/ProcessPageAdd.module\nProcess/ProcessPageSort.module\nProcess/ProcessTemplate/ProcessTemplate.module\nProcess/ProcessPageSearch/ProcessPageSearch.module\nProcess/ProcessField/ProcessField.module\nProcess/ProcessPageEdit/ProcessPageEdit.module\nProcess/ProcessPageEditLink/ProcessPageEditLink.module\nProcess/ProcessPageTrash.module\nProcess/ProcessUser/ProcessUser.module\nProcess/ProcessList.module\nProcess/ProcessRecentPages/ProcessRecentPages.module\nProcess/ProcessPageList/ProcessPageList.module\nProcess/ProcessLogin/ProcessLogin.module\nProcess/ProcessForgotPassword/ProcessForgotPassword.module\nProcess/ProcessLogger/ProcessLogger.module\nProcess/ProcessPageClone.module\nProcess/ProcessPageLister/ProcessPageLister.module', '2010-04-08 03:10:01');
INSERT INTO `caches` (`name`, `data`, `expires`) VALUES('ModulesUninstalled.info', '{\"InputfieldPageTable\":{\"name\":\"InputfieldPageTable\",\"title\":\"ProFields: Page Table\",\"version\":14,\"versionStr\":\"0.1.4\",\"summary\":\"Inputfield to accompany FieldtypePageTable\",\"requiresVersions\":{\"FieldtypePageTable\":[\">=\",0]},\"created\":1723821743,\"installed\":false,\"core\":true},\"InputfieldIcon\":{\"name\":\"InputfieldIcon\",\"title\":\"Icon\",\"version\":3,\"versionStr\":\"0.0.3\",\"summary\":\"Select an icon\",\"created\":1723821743,\"installed\":false,\"core\":true},\"InputfieldPageAutocomplete\":{\"name\":\"InputfieldPageAutocomplete\",\"title\":\"Page Auto Complete\",\"version\":113,\"versionStr\":\"1.1.3\",\"summary\":\"Multiple Page selection using auto completion and sorting capability. Intended for use as an input field for Page reference fields.\",\"created\":1723821743,\"installed\":false,\"core\":true},\"InputfieldToggle\":{\"name\":\"InputfieldToggle\",\"title\":\"Toggle\",\"version\":1,\"versionStr\":\"0.0.1\",\"summary\":\"A toggle providing similar input capability to a checkbox but much more configurable.\",\"created\":1723821743,\"installed\":false,\"core\":true},\"InputfieldTextTags\":{\"name\":\"InputfieldTextTags\",\"title\":\"Text Tags\",\"version\":7,\"versionStr\":\"0.0.7\",\"summary\":\"Enables input of user entered tags or selection of predefined tags.\",\"icon\":\"tags\",\"created\":1723821743,\"installed\":false,\"core\":true},\"InputfieldCKEditor\":{\"name\":\"InputfieldCKEditor\",\"title\":\"CKEditor\",\"version\":172,\"versionStr\":\"1.7.2\",\"summary\":\"CKEditor textarea rich text editor.\",\"installs\":[\"MarkupHTMLPurifier\"],\"created\":1723821743,\"installed\":false,\"core\":true},\"LazyCron\":{\"name\":\"LazyCron\",\"title\":\"Lazy Cron\",\"version\":104,\"versionStr\":\"1.0.4\",\"summary\":\"Provides hooks that are automatically executed at various intervals. It is called \'lazy\' because it\'s triggered by a pageview, so the interval is guaranteed to be at least the time requested, rather than exactly the time requested. This is fine for most cases, but you can make it not lazy by connecting this to a real CRON job. See the module file for details. \",\"href\":\"https:\\/\\/processwire.com\\/api\\/modules\\/lazy-cron\\/\",\"autoload\":true,\"singular\":true,\"created\":1723821743,\"installed\":false,\"core\":true},\"AdminThemeReno\":{\"name\":\"AdminThemeReno\",\"title\":\"Reno\",\"version\":17,\"versionStr\":\"0.1.7\",\"author\":\"Tom Reno (Renobird)\",\"summary\":\"Admin theme for ProcessWire 2.5+ by Tom Reno (Renobird)\",\"requiresVersions\":{\"AdminThemeDefault\":[\">=\",0]},\"autoload\":\"template=admin\",\"created\":1723821743,\"installed\":false,\"configurable\":3,\"core\":true},\"AdminThemeUikit\":{\"name\":\"AdminThemeUikit\",\"title\":\"Uikit\",\"version\":34,\"versionStr\":\"0.3.4\",\"summary\":\"Uikit v3 admin theme\",\"autoload\":\"template=admin\",\"created\":1723821743,\"installed\":false,\"configurable\":4,\"core\":true},\"PagePathHistory\":{\"name\":\"PagePathHistory\",\"title\":\"Page Path History\",\"version\":8,\"versionStr\":\"0.0.8\",\"summary\":\"Keeps track of past URLs where pages have lived and automatically redirects (301 permanent) to the new location whenever the past URL is accessed.\",\"autoload\":true,\"singular\":true,\"created\":1723821743,\"installed\":false,\"configurable\":4,\"core\":true},\"ImageSizerEngineAnimatedGif\":{\"name\":\"ImageSizerEngineAnimatedGif\",\"title\":\"Animated GIF Image Sizer\",\"version\":1,\"versionStr\":\"0.0.1\",\"author\":\"Horst Nogajski\",\"summary\":\"Upgrades image manipulations for animated GIFs.\",\"created\":1723821743,\"installed\":false,\"configurable\":4,\"core\":true},\"ImageSizerEngineIMagick\":{\"name\":\"ImageSizerEngineIMagick\",\"title\":\"IMagick Image Sizer\",\"version\":3,\"versionStr\":\"0.0.3\",\"author\":\"Horst Nogajski\",\"summary\":\"Upgrades image manipulations to use PHP\'s ImageMagick library when possible.\",\"created\":1723821743,\"installed\":false,\"configurable\":4,\"core\":true},\"TextformatterMarkdownExtra\":{\"name\":\"TextformatterMarkdownExtra\",\"title\":\"Markdown\\/Parsedown Extra\",\"version\":180,\"versionStr\":\"1.8.0\",\"summary\":\"Markdown\\/Parsedown extra lightweight markup language by Emanuil Rusev. Based on Markdown by John Gruber.\",\"created\":1723821743,\"installed\":false,\"configurable\":4,\"core\":true},\"TextformatterNewlineUL\":{\"name\":\"TextformatterNewlineUL\",\"title\":\"Newlines to Unordered List\",\"version\":100,\"versionStr\":\"1.0.0\",\"summary\":\"Converts newlines to <li> list items and surrounds in an <ul> unordered list. \",\"created\":1723821743,\"installed\":false,\"core\":true},\"TextformatterSmartypants\":{\"name\":\"TextformatterSmartypants\",\"title\":\"SmartyPants Typographer\",\"version\":171,\"versionStr\":\"1.7.1\",\"summary\":\"Smart typography for web sites, by Michel Fortin based on SmartyPants by John Gruber. If combined with Markdown, it should be applied AFTER Markdown.\",\"created\":1723821743,\"installed\":false,\"configurable\":4,\"core\":true,\"url\":\"https:\\/\\/github.com\\/michelf\\/php-smartypants\"},\"TextformatterStripTags\":{\"name\":\"TextformatterStripTags\",\"title\":\"Strip Markup Tags\",\"version\":100,\"versionStr\":\"1.0.0\",\"summary\":\"Strips HTML\\/XHTML Markup Tags\",\"created\":1723821743,\"installed\":false,\"configurable\":3,\"core\":true},\"TextformatterPstripper\":{\"name\":\"TextformatterPstripper\",\"title\":\"Paragraph Stripper\",\"version\":100,\"versionStr\":\"1.0.0\",\"summary\":\"Strips paragraph <p> tags that may have been applied by other text formatters before it. \",\"created\":1723821743,\"installed\":false,\"core\":true},\"TextformatterNewlineBR\":{\"name\":\"TextformatterNewlineBR\",\"title\":\"Newlines to XHTML Line Breaks\",\"version\":100,\"versionStr\":\"1.0.0\",\"summary\":\"Converts newlines to XHTML line break <br \\/> tags. \",\"created\":1723821743,\"installed\":false,\"core\":true},\"PagesVersions\":{\"name\":\"PagesVersions\",\"title\":\"Pages Versions\",\"version\":2,\"versionStr\":\"0.0.2\",\"author\":\"Ryan Cramer\",\"summary\":\"Provides a version control API for pages in ProcessWire.\",\"icon\":\"code-fork\",\"autoload\":true,\"singular\":true,\"created\":1723821743,\"installed\":false,\"core\":true},\"ProcessSessionDB\":{\"name\":\"ProcessSessionDB\",\"title\":\"Sessions\",\"version\":5,\"versionStr\":\"0.0.5\",\"summary\":\"Enables you to browse active database sessions.\",\"icon\":\"dashboard\",\"requiresVersions\":{\"SessionHandlerDB\":[\">=\",0]},\"created\":1723821743,\"installed\":false,\"core\":true,\"page\":{\"name\":\"sessions-db\",\"parent\":\"access\",\"title\":\"Sessions\"}},\"SessionHandlerDB\":{\"name\":\"SessionHandlerDB\",\"title\":\"Session Handler Database\",\"version\":6,\"versionStr\":\"0.0.6\",\"summary\":\"Installing this module makes ProcessWire store sessions in the database rather than the file system. Note that this module will log you out after install or uninstall.\",\"installs\":[\"ProcessSessionDB\"],\"created\":1723821743,\"installed\":false,\"configurable\":3,\"core\":true},\"MarkupRSS\":{\"name\":\"MarkupRSS\",\"title\":\"Markup RSS Feed\",\"version\":105,\"versionStr\":\"1.0.5\",\"summary\":\"Renders an RSS feed. Given a PageArray, renders an RSS feed of them.\",\"icon\":\"rss-square\",\"created\":1723821743,\"installed\":false,\"configurable\":3,\"core\":true},\"MarkupCache\":{\"name\":\"MarkupCache\",\"title\":\"Markup Cache\",\"version\":101,\"versionStr\":\"1.0.1\",\"summary\":\"A simple way to cache segments of markup in your templates. \",\"href\":\"https:\\/\\/processwire.com\\/api\\/modules\\/markupcache\\/\",\"autoload\":true,\"singular\":true,\"created\":1723821743,\"installed\":false,\"configurable\":3,\"core\":true},\"MarkupPageFields\":{\"name\":\"MarkupPageFields\",\"title\":\"Markup Page Fields\",\"version\":100,\"versionStr\":\"1.0.0\",\"summary\":\"Adds $page->renderFields() and $page->images->render() methods that return basic markup for output during development and debugging.\",\"autoload\":true,\"singular\":true,\"created\":1723821743,\"installed\":false,\"core\":true,\"permanent\":true},\"SystemNotifications\":{\"name\":\"SystemNotifications\",\"title\":\"System Notifications\",\"version\":12,\"versionStr\":\"0.1.2\",\"summary\":\"Adds support for notifications in ProcessWire (currently in development)\",\"icon\":\"bell\",\"installs\":[\"FieldtypeNotifications\"],\"autoload\":true,\"created\":1723821743,\"installed\":false,\"configurable\":\"SystemNotificationsConfig.php\",\"core\":true},\"FieldtypeNotifications\":{\"name\":\"FieldtypeNotifications\",\"title\":\"Notifications\",\"version\":4,\"versionStr\":\"0.0.4\",\"summary\":\"Field that stores user notifications.\",\"requiresVersions\":{\"SystemNotifications\":[\">=\",0]},\"created\":1723821743,\"installed\":false,\"core\":true},\"PageFrontEdit\":{\"name\":\"PageFrontEdit\",\"title\":\"Front-End Page Editor\",\"version\":6,\"versionStr\":\"0.0.6\",\"author\":\"Ryan Cramer\",\"summary\":\"Enables front-end editing of page fields.\",\"icon\":\"cube\",\"permissions\":{\"page-edit-front\":\"Use the front-end page editor\"},\"autoload\":true,\"created\":1723821743,\"installed\":false,\"configurable\":\"PageFrontEditConfig.php\",\"core\":true,\"license\":\"MPL 2.0\"},\"FieldtypeSelector\":{\"name\":\"FieldtypeSelector\",\"title\":\"Selector\",\"version\":13,\"versionStr\":\"0.1.3\",\"author\":\"Avoine + ProcessWire\",\"summary\":\"Build a page finding selector visually.\",\"created\":1723821743,\"installed\":false,\"core\":true},\"CommentFilterAkismet\":{\"name\":\"CommentFilterAkismet\",\"title\":\"Comment Filter: Akismet\",\"version\":200,\"versionStr\":\"2.0.0\",\"summary\":\"Uses the Akismet service to identify comment spam. Module plugin for the Comments Fieldtype.\",\"requiresVersions\":{\"FieldtypeComments\":[\">=\",0]},\"created\":1723821743,\"installed\":false,\"configurable\":3,\"core\":true},\"FieldtypeComments\":{\"name\":\"FieldtypeComments\",\"title\":\"Comments\",\"version\":110,\"versionStr\":\"1.1.0\",\"summary\":\"Field that stores user posted comments for a single Page\",\"installs\":[\"InputfieldCommentsAdmin\"],\"created\":1723821743,\"installed\":false,\"core\":true},\"InputfieldCommentsAdmin\":{\"name\":\"InputfieldCommentsAdmin\",\"title\":\"Comments Admin\",\"version\":104,\"versionStr\":\"1.0.4\",\"summary\":\"Provides an administrative interface for working with comments\",\"requiresVersions\":{\"FieldtypeComments\":[\">=\",0]},\"created\":1723821743,\"installed\":false,\"core\":true},\"FieldtypeCache\":{\"name\":\"FieldtypeCache\",\"title\":\"Cache\",\"version\":102,\"versionStr\":\"1.0.2\",\"summary\":\"Caches the values of other fields for fewer runtime queries. Can also be used to combine multiple text fields and have them all be searchable under the cached field name.\",\"created\":1723821743,\"installed\":false,\"core\":true},\"FieldtypeOptions\":{\"name\":\"FieldtypeOptions\",\"title\":\"Select Options\",\"version\":2,\"versionStr\":\"0.0.2\",\"summary\":\"Field that stores single and multi select options.\",\"created\":1723821743,\"installed\":false,\"core\":true},\"FieldtypePageTable\":{\"name\":\"FieldtypePageTable\",\"title\":\"ProFields: Page Table\",\"version\":8,\"versionStr\":\"0.0.8\",\"summary\":\"A fieldtype containing a group of editable pages.\",\"installs\":[\"InputfieldPageTable\"],\"autoload\":true,\"created\":1723821743,\"installed\":false,\"core\":true},\"FieldtypeToggle\":{\"name\":\"FieldtypeToggle\",\"title\":\"Toggle (Yes\\/No)\",\"version\":1,\"versionStr\":\"0.0.1\",\"summary\":\"Configurable yes\\/no, on\\/off toggle alternative to a checkbox, plus optional \\u201cother\\u201d option.\",\"requiresVersions\":{\"InputfieldToggle\":[\">=\",0]},\"created\":1723821743,\"installed\":false,\"core\":true},\"FieldtypeFieldsetPage\":{\"name\":\"FieldtypeFieldsetPage\",\"title\":\"Fieldset (Page)\",\"version\":1,\"versionStr\":\"0.0.1\",\"summary\":\"Fieldset with fields isolated to separate namespace (page), enabling re-use of fields.\",\"requiresVersions\":{\"FieldtypeRepeater\":[\">=\",0]},\"autoload\":true,\"created\":1723821743,\"installed\":false,\"configurable\":3,\"core\":true},\"FieldtypeRepeater\":{\"name\":\"FieldtypeRepeater\",\"title\":\"Repeater\",\"version\":113,\"versionStr\":\"1.1.3\",\"summary\":\"Maintains a collection of fields that are repeated for any number of times.\",\"installs\":[\"InputfieldRepeater\"],\"autoload\":true,\"created\":1723821743,\"installed\":false,\"configurable\":3,\"core\":true},\"InputfieldRepeater\":{\"name\":\"InputfieldRepeater\",\"title\":\"Repeater\",\"version\":111,\"versionStr\":\"1.1.1\",\"summary\":\"Repeats fields from another template. Provides the input for FieldtypeRepeater.\",\"requiresVersions\":{\"FieldtypeRepeater\":[\">=\",0]},\"created\":1723821743,\"installed\":false,\"core\":true},\"FieldtypeDecimal\":{\"name\":\"FieldtypeDecimal\",\"title\":\"Decimal\",\"version\":1,\"versionStr\":\"0.0.1\",\"summary\":\"Field that stores a decimal number\",\"created\":1723821743,\"installed\":false,\"core\":true},\"PagePaths\":{\"name\":\"PagePaths\",\"title\":\"Page Paths\",\"version\":4,\"versionStr\":\"0.0.4\",\"summary\":\"Enables page paths\\/urls to be queryable by selectors. Also offers potential for improved load performance. Builds an index at install (may take time on a large site).\",\"autoload\":true,\"singular\":true,\"created\":1723821743,\"installed\":false,\"configurable\":4,\"core\":true},\"LanguageSupportFields\":{\"name\":\"LanguageSupportFields\",\"title\":\"Languages Support - Fields\",\"version\":101,\"versionStr\":\"1.0.1\",\"author\":\"Ryan Cramer\",\"summary\":\"Required to use multi-language fields.\",\"requiresVersions\":{\"LanguageSupport\":[\">=\",0]},\"installs\":[\"FieldtypePageTitleLanguage\",\"FieldtypeTextareaLanguage\",\"FieldtypeTextLanguage\"],\"autoload\":true,\"singular\":true,\"created\":1723821743,\"installed\":false,\"core\":true},\"FieldtypeTextareaLanguage\":{\"name\":\"FieldtypeTextareaLanguage\",\"title\":\"Textarea (Multi-language)\",\"version\":100,\"versionStr\":\"1.0.0\",\"summary\":\"Field that stores a multiple lines of text in multiple languages\",\"requiresVersions\":{\"LanguageSupportFields\":[\">=\",0]},\"created\":1723821743,\"installed\":false,\"core\":true},\"FieldtypeTextLanguage\":{\"name\":\"FieldtypeTextLanguage\",\"title\":\"Text (Multi-language)\",\"version\":100,\"versionStr\":\"1.0.0\",\"summary\":\"Field that stores a single line of text in multiple languages\",\"requiresVersions\":{\"LanguageSupportFields\":[\">=\",0]},\"created\":1723821743,\"installed\":false,\"core\":true},\"LanguageTabs\":{\"name\":\"LanguageTabs\",\"title\":\"Languages Support - Tabs\",\"version\":117,\"versionStr\":\"1.1.7\",\"author\":\"adamspruijt, ryan, flipzoom\",\"summary\":\"Organizes multi-language fields into tabs for a cleaner easier to use interface.\",\"requiresVersions\":{\"LanguageSupport\":[\">=\",0]},\"autoload\":\"template=admin\",\"singular\":true,\"created\":1723821743,\"installed\":false,\"configurable\":4,\"core\":true},\"ProcessLanguageTranslator\":{\"name\":\"ProcessLanguageTranslator\",\"title\":\"Language Translator\",\"version\":103,\"versionStr\":\"1.0.3\",\"author\":\"Ryan Cramer\",\"summary\":\"Provides language translation capabilities for ProcessWire core and modules.\",\"requiresVersions\":{\"LanguageSupport\":[\">=\",0]},\"permission\":\"lang-edit\",\"created\":1723821743,\"installed\":false,\"configurable\":4,\"core\":true},\"FieldtypePageTitleLanguage\":{\"name\":\"FieldtypePageTitleLanguage\",\"title\":\"Page Title (Multi-Language)\",\"version\":100,\"versionStr\":\"1.0.0\",\"author\":\"Ryan Cramer\",\"summary\":\"Field that stores a page title in multiple languages. Use this only if you want title inputs created for ALL languages on ALL pages. Otherwise create separate languaged-named title fields, i.e. title_fr, title_es, title_fi, etc. \",\"requiresVersions\":{\"LanguageSupportFields\":[\">=\",0],\"FieldtypeTextLanguage\":[\">=\",0]},\"created\":1723821743,\"installed\":false,\"core\":true},\"LanguageSupport\":{\"name\":\"LanguageSupport\",\"title\":\"Languages Support\",\"version\":104,\"versionStr\":\"1.0.4\",\"author\":\"Ryan Cramer\",\"summary\":\"ProcessWire multi-language support.\",\"installs\":[\"ProcessLanguage\",\"ProcessLanguageTranslator\"],\"autoload\":true,\"singular\":true,\"created\":1723821743,\"installed\":false,\"configurable\":3,\"core\":true,\"addFlag\":32},\"ProcessLanguage\":{\"name\":\"ProcessLanguage\",\"title\":\"Languages\",\"version\":103,\"versionStr\":\"1.0.3\",\"author\":\"Ryan Cramer\",\"summary\":\"Manage system languages\",\"icon\":\"language\",\"requiresVersions\":{\"LanguageSupport\":[\">=\",0]},\"permission\":\"lang-edit\",\"permissions\":{\"lang-edit\":\"Administer languages and static translation files\"},\"created\":1723821743,\"installed\":false,\"configurable\":3,\"core\":true,\"useNavJSON\":true},\"LanguageSupportPageNames\":{\"name\":\"LanguageSupportPageNames\",\"title\":\"Languages Support - Page Names\",\"version\":14,\"versionStr\":\"0.1.4\",\"author\":\"Ryan Cramer\",\"summary\":\"Required to use multi-language page names.\",\"requiresVersions\":{\"LanguageSupport\":[\">=\",0],\"LanguageSupportFields\":[\">=\",0]},\"autoload\":true,\"singular\":true,\"created\":1723821743,\"installed\":false,\"configurable\":4,\"core\":true},\"FileCompilerTags\":{\"name\":\"FileCompilerTags\",\"title\":\"Tags File Compiler\",\"version\":1,\"versionStr\":\"0.0.1\",\"summary\":\"Enables {var} or {var.property} variables in markup sections of a file. Can be used with any API variable.\",\"created\":1723821743,\"installed\":false,\"configurable\":4,\"core\":true},\"ProcessPagesExportImport\":{\"name\":\"ProcessPagesExportImport\",\"title\":\"Pages Export\\/Import\",\"version\":1,\"versionStr\":\"0.0.1\",\"author\":\"Ryan Cramer\",\"summary\":\"Enables exporting and importing of pages. Development version, not yet recommended for production use.\",\"icon\":\"paper-plane-o\",\"permission\":\"page-edit-export\",\"created\":1723821743,\"installed\":false,\"core\":true,\"page\":{\"name\":\"export-import\",\"parent\":\"page\",\"title\":\"Export\\/Import\"}},\"ProcessCommentsManager\":{\"name\":\"ProcessCommentsManager\",\"title\":\"Comments\",\"version\":12,\"versionStr\":\"0.1.2\",\"author\":\"Ryan Cramer\",\"summary\":\"Manage comments in your site outside of the page editor.\",\"icon\":\"comments\",\"requiresVersions\":{\"FieldtypeComments\":[\">=\",0]},\"permission\":\"comments-manager\",\"permissions\":{\"comments-manager\":\"Use the comments manager\"},\"created\":1723821743,\"installed\":false,\"searchable\":\"comments\",\"core\":true,\"page\":{\"name\":\"comments\",\"parent\":\"setup\",\"title\":\"Comments\"},\"nav\":[{\"url\":\"?go=approved\",\"label\":\"Approved\"},{\"url\":\"?go=pending\",\"label\":\"Pending\"},{\"url\":\"?go=spam\",\"label\":\"Spam\"},{\"url\":\"?go=all\",\"label\":\"All\"}]},\"ProcessRecentPages\":{\"name\":\"ProcessRecentPages\",\"title\":\"Recent Pages\",\"version\":2,\"versionStr\":\"0.0.2\",\"author\":\"Ryan Cramer\",\"summary\":\"Shows a list of recently edited pages in your admin.\",\"href\":\"http:\\/\\/modules.processwire.com\\/\",\"icon\":\"clock-o\",\"permission\":\"page-edit-recent\",\"permissions\":{\"page-edit-recent\":\"Can see recently edited pages\"},\"created\":1723821743,\"installed\":false,\"core\":true,\"page\":{\"name\":\"recent-pages\",\"parent\":\"page\",\"title\":\"Recent\"},\"useNavJSON\":true,\"nav\":[{\"url\":\"?edited=1\",\"label\":\"Edited\",\"icon\":\"users\",\"navJSON\":\"navJSON\\/?edited=1\"},{\"url\":\"?added=1\",\"label\":\"Created\",\"icon\":\"users\",\"navJSON\":\"navJSON\\/?added=1\"},{\"url\":\"?edited=1&me=1\",\"label\":\"Edited by me\",\"icon\":\"user\",\"navJSON\":\"navJSON\\/?edited=1&me=1\"},{\"url\":\"?added=1&me=1\",\"label\":\"Created by me\",\"icon\":\"user\",\"navJSON\":\"navJSON\\/?added=1&me=1\"},{\"url\":\"another\\/\",\"label\":\"Add another\",\"icon\":\"plus-circle\",\"navJSON\":\"anotherNavJSON\\/\"}]},\"ProcessForgotPassword\":{\"name\":\"ProcessForgotPassword\",\"title\":\"Forgot Password\",\"version\":104,\"versionStr\":\"1.0.4\",\"summary\":\"Provides password reset\\/email capability for the Login process.\",\"permission\":\"page-view\",\"created\":1723821743,\"installed\":false,\"configurable\":4,\"core\":true},\"ProcessLogger\":{\"name\":\"ProcessLogger\",\"title\":\"Logs\",\"version\":2,\"versionStr\":\"0.0.2\",\"author\":\"Ryan Cramer\",\"summary\":\"View and manage system logs.\",\"icon\":\"tree\",\"permission\":\"logs-view\",\"permissions\":{\"logs-view\":\"Can view system logs\",\"logs-edit\":\"Can manage system logs\"},\"created\":1723821743,\"installed\":false,\"core\":true,\"page\":{\"name\":\"logs\",\"parent\":\"setup\",\"title\":\"Logs\"},\"useNavJSON\":true},\"ProcessPageClone\":{\"name\":\"ProcessPageClone\",\"title\":\"Page Clone\",\"version\":106,\"versionStr\":\"1.0.6\",\"summary\":\"Provides ability to clone\\/copy\\/duplicate pages in the admin. Adds a &quot;copy&quot; option to all applicable pages in the PageList.\",\"permission\":\"page-clone\",\"permissions\":{\"page-clone\":\"Clone a page\",\"page-clone-tree\":\"Clone a tree of pages\"},\"autoload\":\"template=admin\",\"created\":1723821743,\"installed\":false,\"configurable\":4,\"core\":true,\"page\":{\"name\":\"clone\",\"title\":\"Clone\",\"parent\":\"page\",\"status\":1024}},\"TemplateEngineTwig\":{\"name\":\"TemplateEngineTwig\",\"title\":\"Template Engine Twig\",\"version\":301,\"versionStr\":\"3.0.1\",\"author\":\"Stefan Wanzenried\",\"summary\":\"Twig templates for the TemplateEngineFactory\",\"href\":\"https:\\/\\/processwire.com\\/talk\\/topic\\/6835-module-twig-for-the-templateenginefactory\\/\",\"requiresVersions\":{\"TemplateEngineFactory\":[\">=\",\"2.0.0\"],\"PHP\":[\">=\",\"7.0\"],\"ProcessWire\":[\">=\",\"3.0\"]},\"autoload\":true,\"singular\":true,\"created\":1691095657,\"installed\":false,\"configurable\":true},\"TemplateEngineProcesswire\":{\"name\":\"TemplateEngineProcesswire\",\"title\":\"Template Engine ProcessWire\",\"version\":210,\"versionStr\":\"2.1.0\",\"author\":\"Stefan Wanzenried\",\"summary\":\"ProcessWire templates for the TemplateEngineFactory.\",\"requiresVersions\":{\"TemplateEngineFactory\":[\">=\",\"2.0.0\"],\"PHP\":[\">=\",\"7.0\"],\"ProcessWire\":[\">=\",\"3.0\"]},\"autoload\":true,\"singular\":true,\"created\":1625431682,\"installed\":false},\"TextformatterRockFrontend\":{\"name\":\"TextformatterRockFrontend\",\"title\":\"RockFrontend Textformatter\",\"version\":\"1.0.0\",\"versionStr\":\"1.0.0\",\"summary\":\"Textformatter to manage consent\",\"created\":1723922607,\"installed\":false,\"configurable\":4}}', '2010-04-08 03:10:01');
INSERT INTO `caches` (`name`, `data`, `expires`) VALUES('ModulesVerbose.info', '{\"40\":{\"summary\":\"Hidden value in a form\",\"core\":true,\"versionStr\":\"1.0.1\"},\"56\":{\"summary\":\"One or more image uploads (sortable)\",\"core\":true,\"versionStr\":\"1.2.9\"},\"43\":{\"summary\":\"Select multiple items from a list\",\"core\":true,\"versionStr\":\"1.0.1\"},\"60\":{\"summary\":\"Select one or more pages\",\"core\":true,\"versionStr\":\"1.0.9\"},\"80\":{\"summary\":\"E-Mail address in valid format\",\"core\":true,\"versionStr\":\"1.0.2\"},\"155\":{\"summary\":\"TinyMCE rich text editor version 6.8.2.\",\"core\":true,\"versionStr\":\"6.1.8\"},\"205\":{\"summary\":\"Select an icon\",\"core\":true,\"versionStr\":\"0.0.3\"},\"122\":{\"summary\":\"Password input with confirmation field that doesn&#039;t ever echo the input back.\",\"core\":true,\"versionStr\":\"1.0.2\"},\"85\":{\"summary\":\"Integer (positive or negative)\",\"core\":true,\"versionStr\":\"1.0.5\"},\"35\":{\"summary\":\"Multiple lines of text\",\"core\":true,\"versionStr\":\"1.0.3\"},\"36\":{\"summary\":\"Selection of a single value from a select pulldown\",\"core\":true,\"versionStr\":\"1.0.3\"},\"30\":{\"summary\":\"Contains one or more fields in a form\",\"core\":true,\"versionStr\":\"1.0.7\"},\"137\":{\"summary\":\"Selection of multiple pages from a ProcessWire page tree list\",\"core\":true,\"versionStr\":\"1.0.3\"},\"15\":{\"summary\":\"Selection of a single page from a ProcessWire page tree list\",\"core\":true,\"versionStr\":\"1.0.1\"},\"25\":{\"summary\":\"Multiple selection, progressive enhancement to select multiple\",\"core\":true,\"versionStr\":\"2.0.3\"},\"149\":{\"summary\":\"Build a page finding selector visually.\",\"author\":\"Avoine + ProcessWire\",\"core\":true,\"versionStr\":\"0.2.8\"},\"32\":{\"summary\":\"Form submit button\",\"core\":true,\"versionStr\":\"1.0.3\"},\"41\":{\"summary\":\"Text input validated as a ProcessWire name field\",\"core\":true,\"versionStr\":\"1.0.0\"},\"79\":{\"summary\":\"Contains any other markup and optionally child Inputfields\",\"core\":true,\"versionStr\":\"1.0.2\"},\"295\":{\"summary\":\"Enables input of user entered tags or selection of predefined tags.\",\"core\":true,\"versionStr\":\"0.0.7\"},\"38\":{\"summary\":\"Multiple checkbox toggles\",\"core\":true,\"versionStr\":\"1.0.8\"},\"112\":{\"summary\":\"Handles input of Page Title and auto-generation of Page Name (when name is blank)\",\"core\":true,\"versionStr\":\"1.0.2\"},\"78\":{\"summary\":\"Groups one or more fields together in a container\",\"core\":true,\"versionStr\":\"1.0.1\"},\"108\":{\"summary\":\"URL in valid format\",\"core\":true,\"versionStr\":\"1.0.3\"},\"94\":{\"summary\":\"Inputfield that accepts date and optionally time\",\"core\":true,\"versionStr\":\"1.0.8\"},\"131\":{\"summary\":\"Form button element that you can optionally pass an href attribute to.\",\"core\":true,\"versionStr\":\"1.0.0\"},\"86\":{\"summary\":\"Text input validated as a ProcessWire Page name field\",\"core\":true,\"versionStr\":\"1.0.6\"},\"39\":{\"summary\":\"Radio buttons for selection of a single item\",\"core\":true,\"versionStr\":\"1.0.6\"},\"90\":{\"summary\":\"Floating point number with precision\",\"core\":true,\"versionStr\":\"1.0.5\"},\"37\":{\"summary\":\"Single checkbox toggle\",\"core\":true,\"versionStr\":\"1.0.6\"},\"34\":{\"summary\":\"Single line of text\",\"core\":true,\"versionStr\":\"1.0.6\"},\"55\":{\"summary\":\"One or more file uploads (sortable)\",\"core\":true,\"versionStr\":\"1.2.9\"},\"187\":{\"summary\":\"Uikit v3 admin theme\",\"core\":true,\"versionStr\":\"0.3.4\"},\"148\":{\"summary\":\"Minimal admin theme that supports all ProcessWire features.\",\"core\":true,\"versionStr\":\"0.1.4\"},\"61\":{\"summary\":\"Entity encode ampersands, quotes (single and double) and greater-than\\/less-than signs using htmlspecialchars(str, ENT_QUOTES). It is recommended that you use this on all text\\/textarea fields except those using a rich text editor or a markup language like Markdown.\",\"core\":true,\"versionStr\":\"1.0.0\"},\"125\":{\"summary\":\"Throttles login attempts to help prevent dictionary attacks.\",\"core\":true,\"versionStr\":\"1.0.3\"},\"67\":{\"summary\":\"Generates markup for data tables used by ProcessWire admin\",\"core\":true,\"versionStr\":\"1.0.7\"},\"156\":{\"summary\":\"Front-end to the HTML Purifier library.\",\"core\":true,\"versionStr\":\"4.9.7\"},\"98\":{\"summary\":\"Generates markup for pagination navigation\",\"core\":true,\"versionStr\":\"1.0.5\"},\"113\":{\"summary\":\"Adds renderPager() method to all PaginatedArray types, for easy pagination output. Plus a render() method to PageArray instances.\",\"core\":true,\"versionStr\":\"1.0.0\"},\"139\":{\"summary\":\"Manages system versions and upgrades.\",\"core\":true,\"versionStr\":\"0.2.0\"},\"28\":{\"summary\":\"Field that stores a date and optionally time\",\"core\":true,\"versionStr\":\"1.0.5\"},\"4\":{\"summary\":\"Field that stores one or more references to ProcessWire pages\",\"core\":true,\"versionStr\":\"1.0.7\"},\"107\":{\"summary\":\"Open a fieldset to group fields. Same as Fieldset (Open) except that it displays in a tab instead.\",\"core\":true,\"versionStr\":\"1.0.0\"},\"135\":{\"summary\":\"Field that stores a URL\",\"core\":true,\"versionStr\":\"1.0.1\"},\"106\":{\"summary\":\"Close a fieldset opened by FieldsetOpen. \",\"core\":true,\"versionStr\":\"1.0.0\"},\"1\":{\"summary\":\"Field that stores multiple lines of text\",\"core\":true,\"versionStr\":\"1.0.7\"},\"133\":{\"summary\":\"Field that stores a hashed and salted password\",\"core\":true,\"versionStr\":\"1.0.1\"},\"27\":{\"summary\":\"Field that stores a reference to another module\",\"core\":true,\"versionStr\":\"1.0.2\"},\"97\":{\"summary\":\"This Fieldtype stores an ON\\/OFF toggle via a single checkbox. The ON value is 1 and OFF value is 0.\",\"core\":true,\"versionStr\":\"1.0.1\"},\"57\":{\"summary\":\"Field that stores one or more GIF, JPG, or PNG images\",\"core\":true,\"versionStr\":\"1.0.2\"},\"3\":{\"summary\":\"Field that stores a single line of text\",\"core\":true,\"versionStr\":\"1.0.2\"},\"29\":{\"summary\":\"Field that stores an e-mail address\",\"core\":true,\"versionStr\":\"1.0.1\"},\"111\":{\"summary\":\"Field that stores a page title\",\"core\":true,\"versionStr\":\"1.0.0\"},\"84\":{\"summary\":\"Field that stores an integer\",\"core\":true,\"versionStr\":\"1.0.2\"},\"89\":{\"summary\":\"Field that stores a floating point number\",\"core\":true,\"versionStr\":\"1.0.8\"},\"6\":{\"summary\":\"Field that stores one or more files\",\"core\":true,\"versionStr\":\"1.0.7\"},\"105\":{\"summary\":\"Open a fieldset to group fields. Should be followed by a Fieldset (Close) after one or more fields.\",\"core\":true,\"versionStr\":\"1.0.1\"},\"151\":{\"summary\":\"Provides lightbox capability for image galleries. Replacement for FancyBox. Uses Magnific Popup by @dimsemenov.\",\"href\":\"https:\\/\\/github.com\\/dimsemenov\\/Magnific-Popup\\/\",\"core\":true,\"versionStr\":\"1.1.0\"},\"45\":{\"summary\":\"Provides a jQuery plugin for generating tabs in ProcessWire.\",\"core\":true,\"versionStr\":\"1.1.0\"},\"116\":{\"summary\":\"jQuery Core as required by ProcessWire Admin and plugins\",\"href\":\"https:\\/\\/jquery.com\",\"core\":true,\"versionStr\":\"1.12.4\"},\"117\":{\"summary\":\"jQuery UI as required by ProcessWire and plugins\",\"href\":\"https:\\/\\/ui.jquery.com\",\"core\":true,\"versionStr\":\"1.10.4\"},\"103\":{\"summary\":\"Provides a jQuery plugin for sorting tables.\",\"href\":\"https:\\/\\/mottie.github.io\\/tablesorter\\/\",\"core\":true,\"versionStr\":\"2.31.3\"},\"114\":{\"summary\":\"Adds various permission methods to Page objects that are used by Process modules.\",\"core\":true,\"versionStr\":\"1.0.5\"},\"115\":{\"summary\":\"Adds a render method to Page and caches page output.\",\"core\":true,\"versionStr\":\"1.0.5\"},\"129\":{\"summary\":\"Provides image manipulation functions for image fields and rich text editors.\",\"core\":true,\"versionStr\":\"1.2.1\"},\"134\":{\"summary\":\"List, Edit and Add pages of a specific type\",\"core\":true,\"versionStr\":\"1.0.1\"},\"136\":{\"summary\":\"Manage system permissions\",\"core\":true,\"versionStr\":\"1.0.1\"},\"87\":{\"summary\":\"Acts as a placeholder Process for the admin root. Ensures proper flow control after login.\",\"core\":true,\"versionStr\":\"1.0.1\"},\"50\":{\"summary\":\"List, edit or install\\/uninstall modules\",\"core\":true,\"versionStr\":\"1.2.1\"},\"138\":{\"summary\":\"Enables user to change their password, email address and other settings that you define.\",\"core\":true,\"versionStr\":\"1.0.5\"},\"68\":{\"summary\":\"Manage user roles and what permissions are attached\",\"core\":true,\"versionStr\":\"1.0.4\"},\"83\":{\"summary\":\"All page views are routed through this Process\",\"core\":true,\"versionStr\":\"1.0.6\"},\"17\":{\"summary\":\"Add a new page\",\"core\":true,\"versionStr\":\"1.0.9\"},\"14\":{\"summary\":\"Handles page sorting and moving for PageList\",\"core\":true,\"versionStr\":\"1.0.1\"},\"47\":{\"summary\":\"List and edit the templates that control page output\",\"core\":true,\"versionStr\":\"1.1.4\",\"searchable\":\"templates\"},\"104\":{\"summary\":\"Provides a page search engine for admin use.\",\"core\":true,\"versionStr\":\"1.0.8\"},\"48\":{\"summary\":\"Edit individual fields that hold page data\",\"core\":true,\"versionStr\":\"1.1.4\",\"searchable\":\"fields\"},\"7\":{\"summary\":\"Edit a Page\",\"core\":true,\"versionStr\":\"1.1.2\"},\"121\":{\"summary\":\"Provides a link capability as used by some Fieldtype modules (like rich text editors).\",\"core\":true,\"versionStr\":\"1.1.2\"},\"109\":{\"summary\":\"Handles emptying of Page trash\",\"core\":true,\"versionStr\":\"1.0.3\"},\"66\":{\"summary\":\"Manage system users\",\"core\":true,\"versionStr\":\"1.0.7\",\"searchable\":\"users\"},\"76\":{\"summary\":\"Lists the Process assigned to each child page of the current\",\"core\":true,\"versionStr\":\"1.0.1\"},\"175\":{\"summary\":\"Shows a list of recently edited pages in your admin.\",\"author\":\"Ryan Cramer\",\"href\":\"http:\\/\\/modules.processwire.com\\/\",\"core\":true,\"versionStr\":\"0.0.2\",\"permissions\":{\"page-edit-recent\":\"Can see recently edited pages\"},\"page\":{\"name\":\"recent-pages\",\"parent\":\"page\",\"title\":\"Recent\"}},\"12\":{\"summary\":\"List pages in a hierarchical tree structure\",\"core\":true,\"versionStr\":\"1.2.4\"},\"10\":{\"summary\":\"Login to ProcessWire\",\"core\":true,\"versionStr\":\"1.0.9\"},\"200\":{\"summary\":\"View and manage system logs.\",\"author\":\"Ryan Cramer\",\"core\":true,\"versionStr\":\"0.0.2\",\"permissions\":{\"logs-view\":\"Can view system logs\",\"logs-edit\":\"Can manage system logs\"},\"page\":{\"name\":\"logs\",\"parent\":\"setup\",\"title\":\"Logs\"}},\"150\":{\"summary\":\"Admin tool for finding and listing pages by any property.\",\"author\":\"Ryan Cramer\",\"core\":true,\"versionStr\":\"0.2.6\",\"permissions\":{\"page-lister\":\"Use Page Lister\"}},\"290\":{\"summary\":\"Create and\\/or restore database backups from ProcessWire admin.\",\"author\":\"Ryan Cramer\",\"versionStr\":\"0.0.6\",\"permissions\":{\"db-backup\":\"Manage database backups (recommended for superuser only)\"},\"page\":{\"name\":\"db-backups\",\"parent\":\"setup\",\"title\":\"DB Backups\"}},\"273\":{\"summary\":\"Import CSV files to create ProcessWire pages.\",\"author\":\"Ryan Cramer\",\"versionStr\":\"1.0.8\",\"page\":{\"name\":\"import-pages-csv\",\"parent\":\"setup\",\"title\":\"Import Pages CSV\"}},\"328\":{\"summary\":\"Module for easy frontend development\",\"versionStr\":\"3.19.0\"},\"306\":{\"summary\":\"Provides ProcessWire integration for various template engines such as Twig.\",\"author\":\"Stefan Wanzenried\",\"href\":\"https:\\/\\/processwire.com\\/talk\\/topic\\/6833-module-templateenginefactory\\/\",\"versionStr\":\"2.1.0\"},\"311\":{\"summary\":\"Twig templates for the TemplateEngineFactory\",\"author\":\"Stefan Wanzenried\",\"href\":\"https:\\/\\/processwire.com\\/talk\\/topic\\/6835-module-twig-for-the-templateenginefactory\\/\",\"versionStr\":\"3.0.1\"},\"256\":{\"summary\":\"Provides autocomplete suggestions for the \\\"Add Module From Directory\\\" field.\",\"author\":\"Robin Sallis\",\"href\":\"https:\\/\\/github.com\\/Toutouwai\\/AutocompleteModuleClassName\",\"versionStr\":\"0.1.6\"},\"333\":{\"summary\":\"Markdown\\/Parsedown extra lightweight markup language by Emanuil Rusev. Based on Markdown by John Gruber.\",\"core\":true,\"versionStr\":\"1.8.0\"}}', '2010-04-08 03:10:01');
INSERT INTO `caches` (`name`, `data`, `expires`) VALUES('ModulesVersions.info', '[]', '2010-04-08 03:10:01');
INSERT INTO `caches` (`name`, `data`, `expires`) VALUES('Permissions.names', '{\"db-backup\":1017,\"logs-edit\":1014,\"logs-view\":1013,\"page-delete\":34,\"page-edit\":32,\"page-edit-recent\":1011,\"page-lister\":1006,\"page-lock\":54,\"page-move\":35,\"page-sort\":50,\"page-template\":51,\"page-view\":36,\"profile-edit\":53,\"rockfrontend-alfred\":1018,\"user-admin\":52}', '2010-04-08 03:10:10');
INSERT INTO `caches` (`name`, `data`, `expires`) VALUES('rockfrontend-uikit-versions', '{\"v3.21.9\":\"v3.21.9\",\"v3.21.8\":\"v3.21.8\",\"v3.21.7\":\"v3.21.7\",\"v3.21.6\":\"v3.21.6\",\"v3.21.5\":\"v3.21.5\",\"v3.21.4\":\"v3.21.4\",\"v3.21.3\":\"v3.21.3\",\"v3.21.2\":\"v3.21.2\",\"v3.21.1\":\"v3.21.1\",\"v3.21.0\":\"v3.21.0\",\"v3.20.11\":\"v3.20.11\",\"v3.20.10\":\"v3.20.10\",\"v3.20.9\":\"v3.20.9\",\"v3.20.8\":\"v3.20.8\",\"v3.20.7\":\"v3.20.7\",\"v3.20.6\":\"v3.20.6\",\"v3.20.5\":\"v3.20.5\",\"v3.20.4\":\"v3.20.4\",\"v3.20.3\":\"v3.20.3\",\"v3.20.2\":\"v3.20.2\",\"v3.20.1\":\"v3.20.1\",\"v3.20.0\":\"v3.20.0\",\"v3.19.4\":\"v3.19.4\",\"v3.19.3\":\"v3.19.3\",\"v3.19.2\":\"v3.19.2\",\"v3.19.1\":\"v3.19.1\",\"v3.19.0\":\"v3.19.0\",\"v3.18.3\":\"v3.18.3\",\"v3.18.2\":\"v3.18.2\",\"v3.18.1\":\"v3.18.1\",\"v3.18.0\":\"v3.18.0\",\"v3.17.11\":\"v3.17.11\",\"v3.17.10\":\"v3.17.10\",\"v3.17.9\":\"v3.17.9\",\"v3.17.8\":\"v3.17.8\",\"v3.17.7\":\"v3.17.7\",\"v3.17.6\":\"v3.17.6\",\"v3.17.5\":\"v3.17.5\",\"v3.17.4\":\"v3.17.4\",\"v3.17.3\":\"v3.17.3\",\"v3.17.2\":\"v3.17.2\",\"v3.17.1\":\"v3.17.1\",\"v3.17.0\":\"v3.17.0\",\"v3.16.27\":\"v3.16.27\",\"v3.16.26\":\"v3.16.26\",\"v3.16.25\":\"v3.16.25\",\"v3.16.24\":\"v3.16.24\",\"v3.16.23\":\"v3.16.23\",\"v3.16.22\":\"v3.16.22\",\"v3.16.21\":\"v3.16.21\",\"v3.16.20\":\"v3.16.20\",\"v3.16.19\":\"v3.16.19\",\"v3.16.18\":\"v3.16.18\",\"v3.16.17\":\"v3.16.17\",\"v3.16.16\":\"v3.16.16\",\"v3.16.15\":\"v3.16.15\",\"v3.16.14\":\"v3.16.14\",\"v3.16.13\":\"v3.16.13\",\"v3.16.12\":\"v3.16.12\",\"v3.16.11\":\"v3.16.11\",\"v3.16.10\":\"v3.16.10\",\"v3.16.9\":\"v3.16.9\",\"v3.16.8\":\"v3.16.8\",\"v3.16.7\":\"v3.16.7\",\"v3.16.6\":\"v3.16.6\",\"v3.16.5\":\"v3.16.5\",\"v3.16.4\":\"v3.16.4\",\"v3.16.3\":\"v3.16.3\",\"v3.16.2\":\"v3.16.2\",\"v3.16.1\":\"v3.16.1\",\"v3.16.0\":\"v3.16.0\",\"v3.15.25\":\"v3.15.25\",\"v3.15.24\":\"v3.15.24\",\"v3.15.23\":\"v3.15.23\",\"v3.15.22\":\"v3.15.22\",\"v3.15.21\":\"v3.15.21\",\"v3.15.20\":\"v3.15.20\",\"v3.15.19\":\"v3.15.19\",\"v3.15.18\":\"v3.15.18\",\"v3.15.17\":\"v3.15.17\",\"v3.15.16\":\"v3.15.16\",\"v3.15.15\":\"v3.15.15\",\"v3.15.14\":\"v3.15.14\",\"v3.15.13\":\"v3.15.13\",\"v3.15.12\":\"v3.15.12\",\"v3.15.11\":\"v3.15.11\",\"v3.15.10\":\"v3.15.10\",\"v3.15.9\":\"v3.15.9\",\"v3.15.8\":\"v3.15.8\",\"v3.15.7\":\"v3.15.7\",\"v3.15.6\":\"v3.15.6\",\"v3.15.5\":\"v3.15.5\",\"v3.15.4\":\"v3.15.4\",\"v3.15.3\":\"v3.15.3\",\"v3.15.2\":\"v3.15.2\",\"v3.15.1\":\"v3.15.1\",\"v3.15.0\":\"v3.15.0\",\"v3.14.3\":\"v3.14.3\",\"v3.14.2\":\"v3.14.2\",\"v3.14.1\":\"v3.14.1\",\"v3.14.0\":\"v3.14.0\",\"v3.13.10\":\"v3.13.10\",\"v3.13.9\":\"v3.13.9\",\"v3.13.8\":\"v3.13.8\",\"v3.13.7\":\"v3.13.7\",\"v3.13.6\":\"v3.13.6\",\"v3.13.5\":\"v3.13.5\",\"v3.13.4\":\"v3.13.4\",\"v3.13.3\":\"v3.13.3\",\"v3.13.2\":\"v3.13.2\",\"v3.13.1\":\"v3.13.1\",\"v3.13.0\":\"v3.13.0\",\"v3.12.2\":\"v3.12.2\",\"v3.12.1\":\"v3.12.1\",\"v3.12.0\":\"v3.12.0\",\"v3.11.1\":\"v3.11.1\",\"v3.11.0\":\"v3.11.0\",\"v3.10.1\":\"v3.10.1\",\"v3.10.0\":\"v3.10.0\",\"v3.9.4\":\"v3.9.4\",\"v3.9.3\":\"v3.9.3\",\"v3.9.2\":\"v3.9.2\",\"v3.9.1\":\"v3.9.1\",\"v3.9.0\":\"v3.9.0\",\"v3.8.1\":\"v3.8.1\",\"v3.8.0\":\"v3.8.0\",\"v3.7.6\":\"v3.7.6\",\"v3.7.5\":\"v3.7.5\",\"v3.7.4\":\"v3.7.4\",\"v3.7.3\":\"v3.7.3\",\"v3.7.2\":\"v3.7.2\",\"v3.7.1\":\"v3.7.1\",\"v3.7.0\":\"v3.7.0\",\"v3.6.22\":\"v3.6.22\",\"v3.6.21\":\"v3.6.21\",\"v3.6.20\":\"v3.6.20\",\"v3.6.19\":\"v3.6.19\",\"v3.6.18\":\"v3.6.18\",\"v3.6.17\":\"v3.6.17\",\"v3.6.16\":\"v3.6.16\",\"v3.6.15\":\"v3.6.15\",\"v3.6.14\":\"v3.6.14\",\"v3.6.13\":\"v3.6.13\",\"v3.6.12\":\"v3.6.12\",\"v3.6.11\":\"v3.6.11\",\"v3.6.10\":\"v3.6.10\",\"v3.6.9\":\"v3.6.9\",\"v3.6.8\":\"v3.6.8\",\"v3.6.7\":\"v3.6.7\",\"v3.6.6\":\"v3.6.6\",\"v3.6.5\":\"v3.6.5\",\"v3.6.4\":\"v3.6.4\",\"v3.6.3\":\"v3.6.3\",\"v3.6.2\":\"v3.6.2\",\"v3.6.1\":\"v3.6.1\",\"v3.6.0\":\"v3.6.0\",\"v3.5.17\":\"v3.5.17\",\"v3.5.16\":\"v3.5.16\",\"v3.5.15\":\"v3.5.15\",\"v3.5.14\":\"v3.5.14\",\"v3.5.13\":\"v3.5.13\",\"v3.5.12\":\"v3.5.12\",\"v3.5.11\":\"v3.5.11\",\"v3.5.10\":\"v3.5.10\",\"v3.5.9\":\"v3.5.9\",\"v3.5.8\":\"v3.5.8\",\"v3.5.7\":\"v3.5.7\",\"v3.5.6\":\"v3.5.6\",\"v3.5.5\":\"v3.5.5\",\"v3.5.4\":\"v3.5.4\",\"v3.5.3\":\"v3.5.3\",\"v3.5.2\":\"v3.5.2\",\"v3.5.1\":\"v3.5.1\",\"v3.5.0\":\"v3.5.0\",\"v3.4.6\":\"v3.4.6\",\"v3.4.5\":\"v3.4.5\",\"v3.4.4\":\"v3.4.4\",\"v3.4.3\":\"v3.4.3\",\"v3.4.2\":\"v3.4.2\",\"v3.4.1\":\"v3.4.1\",\"v3.4.0\":\"v3.4.0\",\"v3.3.7\":\"v3.3.7\",\"v3.3.6\":\"v3.3.6\",\"v3.3.5\":\"v3.3.5\",\"v3.3.4\":\"v3.3.4\",\"v3.3.3\":\"v3.3.3\",\"v3.3.2\":\"v3.3.2\",\"v3.3.1\":\"v3.3.1\",\"v3.3.0\":\"v3.3.0\",\"v3.2.7\":\"v3.2.7\",\"v3.2.6\":\"v3.2.6\",\"v3.2.5\":\"v3.2.5\",\"v3.2.4\":\"v3.2.4\",\"v3.2.3\":\"v3.2.3\",\"v3.2.2\":\"v3.2.2\",\"v3.2.1\":\"v3.2.1\",\"v3.2.0\":\"v3.2.0\",\"v3.1.9\":\"v3.1.9\",\"v3.1.8\":\"v3.1.8\",\"v3.1.7\":\"v3.1.7\",\"v3.1.6\":\"v3.1.6\",\"v3.1.5\":\"v3.1.5\",\"v3.1.4\":\"v3.1.4\",\"v3.1.3\":\"v3.1.3\",\"v3.1.2\":\"v3.1.2\",\"v3.1.1\":\"v3.1.1\",\"v3.1.0\":\"v3.1.0\",\"v3.0.3\":\"v3.0.3\",\"v3.0.2\":\"v3.0.2\",\"v3.0.1\":\"v3.0.1\",\"v3.0.0\":\"v3.0.0\",\"v3.0.0-rc.26\":\"v3.0.0-rc.26\",\"v3.0.0-rc.25\":\"v3.0.0-rc.25\",\"v3.0.0-rc.24\":\"v3.0.0-rc.24\",\"v3.0.0-rc.23\":\"v3.0.0-rc.23\",\"v3.0.0-rc.22\":\"v3.0.0-rc.22\",\"v3.0.0-rc.21\":\"v3.0.0-rc.21\",\"v3.0.0-rc.20\":\"v3.0.0-rc.20\",\"v3.0.0-rc.19\":\"v3.0.0-rc.19\",\"v3.0.0-rc.18\":\"v3.0.0-rc.18\",\"v3.0.0-rc.17\":\"v3.0.0-rc.17\",\"v3.0.0-rc.16\":\"v3.0.0-rc.16\",\"v3.0.0-rc.15\":\"v3.0.0-rc.15\",\"v3.0.0-rc.14\":\"v3.0.0-rc.14\",\"v3.0.0-rc.13\":\"v3.0.0-rc.13\",\"v3.0.0-rc.12\":\"v3.0.0-rc.12\",\"v3.0.0-rc.11\":\"v3.0.0-rc.11\",\"v3.0.0-rc.10\":\"v3.0.0-rc.10\",\"v3.0.0-rc.9\":\"v3.0.0-rc.9\",\"v3.0.0-rc.8\":\"v3.0.0-rc.8\",\"v3.0.0-rc.7\":\"v3.0.0-rc.7\",\"v3.0.0-rc.6\":\"v3.0.0-rc.6\",\"v3.0.0-rc.5\":\"v3.0.0-rc.5\",\"v3.0.0-rc.4\":\"v3.0.0-rc.4\",\"v3.0.0-rc.3\":\"v3.0.0-rc.3\",\"v3.0.0-rc.2\":\"v3.0.0-rc.2\",\"v3.0.0-rc.1\":\"v3.0.0-rc.1\",\"v3.0.0-beta.42\":\"v3.0.0-beta.42\",\"v3.0.0-beta.41\":\"v3.0.0-beta.41\",\"v3.0.0-beta.40\":\"v3.0.0-beta.40\",\"v3.0.0-beta.39\":\"v3.0.0-beta.39\",\"v3.0.0-beta.38\":\"v3.0.0-beta.38\",\"v3.0.0-beta.37\":\"v3.0.0-beta.37\",\"v3.0.0-beta.36\":\"v3.0.0-beta.36\",\"v3.0.0-beta.35\":\"v3.0.0-beta.35\",\"v3.0.0-beta.34\":\"v3.0.0-beta.34\",\"v3.0.0-beta.33\":\"v3.0.0-beta.33\",\"v3.0.0-beta.32\":\"v3.0.0-beta.32\",\"v3.0.0-beta.31\":\"v3.0.0-beta.31\",\"v3.0.0-beta.30\":\"v3.0.0-beta.30\",\"v3.0.0-beta.29\":\"v3.0.0-beta.29\",\"v3.0.0-beta.28\":\"v3.0.0-beta.28\",\"v3.0.0-beta.27\":\"v3.0.0-beta.27\",\"v3.0.0-beta.26\":\"v3.0.0-beta.26\",\"v3.0.0-beta.25\":\"v3.0.0-beta.25\",\"v3.0.0-beta.24\":\"v3.0.0-beta.24\",\"v3.0.0-beta.23\":\"v3.0.0-beta.23\",\"v3.0.0-beta.22\":\"v3.0.0-beta.22\",\"v3.0.0-beta.21\":\"v3.0.0-beta.21\",\"v3.0.0-beta.20\":\"v3.0.0-beta.20\",\"v3.0.0-beta.19\":\"v3.0.0-beta.19\",\"v3.0.0-beta.18\":\"v3.0.0-beta.18\",\"v3.0.0-beta.17\":\"v3.0.0-beta.17\",\"v3.0.0-beta.16\":\"v3.0.0-beta.16\",\"v3.0.0-beta.15\":\"v3.0.0-beta.15\",\"v3.0.0-beta.14\":\"v3.0.0-beta.14\",\"v3.0.0-beta.13\":\"v3.0.0-beta.13\",\"v3.0.0-beta.12\":\"v3.0.0-beta.12\",\"v3.0.0-beta.11\":\"v3.0.0-beta.11\",\"v3.0.0-beta.10\":\"v3.0.0-beta.10\",\"v3.0.0-beta.9\":\"v3.0.0-beta.9\",\"v3.0.0-beta.8\":\"v3.0.0-beta.8\",\"v3.0.0-beta.7\":\"v3.0.0-beta.7\",\"v3.0.0-beta.6\":\"v3.0.0-beta.6\",\"v3.0.0-beta.5\":\"v3.0.0-beta.5\",\"v3.0.0-beta.4\":\"v3.0.0-beta.4\",\"v3.0.0-beta.3\":\"v3.0.0-beta.3\",\"v3.0.0-beta.2\":\"v3.0.0-beta.2\",\"v3.0.0-beta.1\":\"v3.0.0-beta.1\",\"v2.27.5\":\"v2.27.5\",\"v2.27.5-src\":\"v2.27.5-src\",\"v2.27.4\":\"v2.27.4\",\"v2.27.4-src\":\"v2.27.4-src\",\"v2.27.3\":\"v2.27.3\",\"v2.27.3-src\":\"v2.27.3-src\",\"v2.27.2\":\"v2.27.2\",\"v2.27.1\":\"v2.27.1\",\"v2.27.0\":\"v2.27.0\",\"v2.26.4\":\"v2.26.4\",\"v2.26.3\":\"v2.26.3\",\"v2.26.2\":\"v2.26.2\",\"v2.26.1\":\"v2.26.1\",\"v2.26.0\":\"v2.26.0\",\"v2.25.0\":\"v2.25.0\",\"v2.24.3\":\"v2.24.3\",\"v2.24.2\":\"v2.24.2\",\"v2.24.1\":\"v2.24.1\",\"v2.24.0\":\"v2.24.0\",\"v2.23.0\":\"v2.23.0\",\"v2.22.0\":\"v2.22.0\",\"v2.21.0\":\"v2.21.0\",\"v2.20.3\":\"v2.20.3\",\"v2.20.2\":\"v2.20.2\",\"v2.20.1\":\"v2.20.1\",\"v2.20.0\":\"v2.20.0\",\"v2.19.0\":\"v2.19.0\",\"v2.18.0\":\"v2.18.0\",\"v2.17.0\":\"v2.17.0\",\"v2.16.2\":\"v2.16.2\",\"v2.16.1\":\"v2.16.1\",\"v2.16.0\":\"v2.16.0\",\"v2.15.0\":\"v2.15.0\",\"v2.14.0\":\"v2.14.0\",\"v2.13.1\":\"v2.13.1\",\"v2.13.0\":\"v2.13.0\",\"v2.12.0\":\"v2.12.0\",\"v2.11.1\":\"v2.11.1\",\"v2.11.0\":\"v2.11.0\",\"v2.10.0\":\"v2.10.0\",\"v2.9.0\":\"v2.9.0\",\"v2.8.0\":\"v2.8.0\",\"v2.7.1\":\"v2.7.1\",\"v2.7.0\":\"v2.7.0\",\"v2.6.0\":\"v2.6.0\",\"v2.5.0\":\"v2.5.0\",\"v2.4.0\":\"v2.4.0\",\"v2.3.1\":\"v2.3.1\",\"v2.3.0\":\"v2.3.0\",\"v2.2.0\":\"v2.2.0\",\"v2.1.0\":\"v2.1.0\",\"v2.0.0\":\"v2.0.0\",\"v1.2.1\":\"v1.2.1\",\"v1.2.0\":\"v1.2.0\",\"v1.1.0\":\"v1.1.0\",\"v1.0.2\":\"v1.0.2\",\"v1.0.1\":\"v1.0.1\",\"v1.0.0\":\"v1.0.0\"}', '2024-08-17 21:28:31');

DROP TABLE IF EXISTS `field_admin_theme`;
CREATE TABLE `field_admin_theme` (
  `pages_id` int(10) unsigned NOT NULL,
  `data` int(11) NOT NULL,
  PRIMARY KEY (`pages_id`),
  KEY `data` (`data`)
) ENGINE=InnoDB DEFAULT CHARSET=utf8mb4 COLLATE=utf8mb4_general_ci;

INSERT INTO `field_admin_theme` (`pages_id`, `data`) VALUES('41', '187');

DROP TABLE IF EXISTS `field_email`;
CREATE TABLE `field_email` (
  `pages_id` int(10) unsigned NOT NULL,
  `data` varchar(191) NOT NULL DEFAULT '',
  PRIMARY KEY (`pages_id`),
  KEY `data_exact` (`data`),
  FULLTEXT KEY `data` (`data`)
) ENGINE=InnoDB DEFAULT CHARSET=utf8mb4 COLLATE=utf8mb4_general_ci;

INSERT INTO `field_email` (`pages_id`, `data`) VALUES('41', 'admin@webmanufaktur.net');

DROP TABLE IF EXISTS `field_pass`;
CREATE TABLE `field_pass` (
  `pages_id` int(10) unsigned NOT NULL,
  `data` char(40) NOT NULL,
  `salt` char(32) NOT NULL,
  PRIMARY KEY (`pages_id`),
  KEY `data` (`data`)
) ENGINE=InnoDB DEFAULT CHARSET=ascii COLLATE=ascii_general_ci;

INSERT INTO `field_pass` (`pages_id`, `data`, `salt`) VALUES('40', '', '');
INSERT INTO `field_pass` (`pages_id`, `data`, `salt`) VALUES('41', 'YXl16ojUWDSmkSQDdjihAOYoY544aQW', '$2y$11$6aPIwU4aYLbUm7dfr0yIVO');

DROP TABLE IF EXISTS `field_permissions`;
CREATE TABLE `field_permissions` (
  `pages_id` int(10) unsigned NOT NULL,
  `data` int(11) NOT NULL,
  `sort` int(10) unsigned NOT NULL,
  PRIMARY KEY (`pages_id`,`sort`),
  KEY `data` (`data`,`pages_id`,`sort`)
) ENGINE=InnoDB DEFAULT CHARSET=utf8mb4 COLLATE=utf8mb4_general_ci;

INSERT INTO `field_permissions` (`pages_id`, `data`, `sort`) VALUES('38', '32', '1');
INSERT INTO `field_permissions` (`pages_id`, `data`, `sort`) VALUES('38', '34', '2');
INSERT INTO `field_permissions` (`pages_id`, `data`, `sort`) VALUES('38', '35', '3');
INSERT INTO `field_permissions` (`pages_id`, `data`, `sort`) VALUES('37', '36', '0');
INSERT INTO `field_permissions` (`pages_id`, `data`, `sort`) VALUES('38', '36', '0');
INSERT INTO `field_permissions` (`pages_id`, `data`, `sort`) VALUES('38', '50', '4');
INSERT INTO `field_permissions` (`pages_id`, `data`, `sort`) VALUES('38', '51', '5');
INSERT INTO `field_permissions` (`pages_id`, `data`, `sort`) VALUES('38', '52', '7');
INSERT INTO `field_permissions` (`pages_id`, `data`, `sort`) VALUES('38', '53', '8');
INSERT INTO `field_permissions` (`pages_id`, `data`, `sort`) VALUES('38', '54', '6');

DROP TABLE IF EXISTS `field_process`;
CREATE TABLE `field_process` (
  `pages_id` int(11) NOT NULL DEFAULT 0,
  `data` int(11) NOT NULL DEFAULT 0,
  PRIMARY KEY (`pages_id`),
  KEY `data` (`data`)
) ENGINE=InnoDB DEFAULT CHARSET=utf8mb4 COLLATE=utf8mb4_general_ci;

INSERT INTO `field_process` (`pages_id`, `data`) VALUES('10', '7');
INSERT INTO `field_process` (`pages_id`, `data`) VALUES('23', '10');
INSERT INTO `field_process` (`pages_id`, `data`) VALUES('3', '12');
INSERT INTO `field_process` (`pages_id`, `data`) VALUES('8', '12');
INSERT INTO `field_process` (`pages_id`, `data`) VALUES('9', '14');
INSERT INTO `field_process` (`pages_id`, `data`) VALUES('6', '17');
INSERT INTO `field_process` (`pages_id`, `data`) VALUES('11', '47');
INSERT INTO `field_process` (`pages_id`, `data`) VALUES('16', '48');
INSERT INTO `field_process` (`pages_id`, `data`) VALUES('21', '50');
INSERT INTO `field_process` (`pages_id`, `data`) VALUES('29', '66');
INSERT INTO `field_process` (`pages_id`, `data`) VALUES('30', '68');
INSERT INTO `field_process` (`pages_id`, `data`) VALUES('22', '76');
INSERT INTO `field_process` (`pages_id`, `data`) VALUES('28', '76');
INSERT INTO `field_process` (`pages_id`, `data`) VALUES('2', '87');
INSERT INTO `field_process` (`pages_id`, `data`) VALUES('300', '104');
INSERT INTO `field_process` (`pages_id`, `data`) VALUES('301', '109');
INSERT INTO `field_process` (`pages_id`, `data`) VALUES('302', '121');
INSERT INTO `field_process` (`pages_id`, `data`) VALUES('303', '129');
INSERT INTO `field_process` (`pages_id`, `data`) VALUES('31', '136');
INSERT INTO `field_process` (`pages_id`, `data`) VALUES('304', '138');
INSERT INTO `field_process` (`pages_id`, `data`) VALUES('1007', '150');
INSERT INTO `field_process` (`pages_id`, `data`) VALUES('1010', '175');
INSERT INTO `field_process` (`pages_id`, `data`) VALUES('1012', '200');
INSERT INTO `field_process` (`pages_id`, `data`) VALUES('1015', '273');
INSERT INTO `field_process` (`pages_id`, `data`) VALUES('1016', '290');

DROP TABLE IF EXISTS `field_roles`;
CREATE TABLE `field_roles` (
  `pages_id` int(10) unsigned NOT NULL,
  `data` int(11) NOT NULL,
  `sort` int(10) unsigned NOT NULL,
  PRIMARY KEY (`pages_id`,`sort`),
  KEY `data` (`data`,`pages_id`,`sort`)
) ENGINE=InnoDB DEFAULT CHARSET=utf8mb4 COLLATE=utf8mb4_general_ci;

INSERT INTO `field_roles` (`pages_id`, `data`, `sort`) VALUES('40', '37', '0');
INSERT INTO `field_roles` (`pages_id`, `data`, `sort`) VALUES('41', '37', '0');
INSERT INTO `field_roles` (`pages_id`, `data`, `sort`) VALUES('41', '38', '2');

DROP TABLE IF EXISTS `field_title`;
CREATE TABLE `field_title` (
  `pages_id` int(10) unsigned NOT NULL,
  `data` text NOT NULL,
  PRIMARY KEY (`pages_id`),
  KEY `data_exact` (`data`(191)),
  FULLTEXT KEY `data` (`data`)
) ENGINE=InnoDB DEFAULT CHARSET=utf8mb4 COLLATE=utf8mb4_general_ci;

INSERT INTO `field_title` (`pages_id`, `data`) VALUES('1', 'Home');
INSERT INTO `field_title` (`pages_id`, `data`) VALUES('2', 'Admin');
INSERT INTO `field_title` (`pages_id`, `data`) VALUES('3', 'Pages');
INSERT INTO `field_title` (`pages_id`, `data`) VALUES('6', 'Add Page');
INSERT INTO `field_title` (`pages_id`, `data`) VALUES('7', 'Trash');
INSERT INTO `field_title` (`pages_id`, `data`) VALUES('8', 'Tree');
INSERT INTO `field_title` (`pages_id`, `data`) VALUES('9', 'Save Sort');
INSERT INTO `field_title` (`pages_id`, `data`) VALUES('10', 'Edit');
INSERT INTO `field_title` (`pages_id`, `data`) VALUES('11', 'Templates');
INSERT INTO `field_title` (`pages_id`, `data`) VALUES('16', 'Fields');
INSERT INTO `field_title` (`pages_id`, `data`) VALUES('21', 'Modules');
INSERT INTO `field_title` (`pages_id`, `data`) VALUES('22', 'Setup');
INSERT INTO `field_title` (`pages_id`, `data`) VALUES('23', 'Login');
INSERT INTO `field_title` (`pages_id`, `data`) VALUES('27', '404 Not Found');
INSERT INTO `field_title` (`pages_id`, `data`) VALUES('28', 'Access');
INSERT INTO `field_title` (`pages_id`, `data`) VALUES('29', 'Users');
INSERT INTO `field_title` (`pages_id`, `data`) VALUES('30', 'Roles');
INSERT INTO `field_title` (`pages_id`, `data`) VALUES('31', 'Permissions');
INSERT INTO `field_title` (`pages_id`, `data`) VALUES('32', 'Edit pages');
INSERT INTO `field_title` (`pages_id`, `data`) VALUES('34', 'Delete pages');
INSERT INTO `field_title` (`pages_id`, `data`) VALUES('35', 'Move pages (change parent)');
INSERT INTO `field_title` (`pages_id`, `data`) VALUES('36', 'View pages');
INSERT INTO `field_title` (`pages_id`, `data`) VALUES('50', 'Sort child pages');
INSERT INTO `field_title` (`pages_id`, `data`) VALUES('51', 'Change templates on pages');
INSERT INTO `field_title` (`pages_id`, `data`) VALUES('52', 'Administer users');
INSERT INTO `field_title` (`pages_id`, `data`) VALUES('53', 'User can update profile/password');
INSERT INTO `field_title` (`pages_id`, `data`) VALUES('54', 'Lock or unlock a page');
INSERT INTO `field_title` (`pages_id`, `data`) VALUES('300', 'Search');
INSERT INTO `field_title` (`pages_id`, `data`) VALUES('301', 'Empty Trash');
INSERT INTO `field_title` (`pages_id`, `data`) VALUES('302', 'Insert Link');
INSERT INTO `field_title` (`pages_id`, `data`) VALUES('303', 'Insert Image');
INSERT INTO `field_title` (`pages_id`, `data`) VALUES('304', 'Profile');
INSERT INTO `field_title` (`pages_id`, `data`) VALUES('1006', 'Use Page Lister');
INSERT INTO `field_title` (`pages_id`, `data`) VALUES('1007', 'Find');
INSERT INTO `field_title` (`pages_id`, `data`) VALUES('1010', 'Recent');
INSERT INTO `field_title` (`pages_id`, `data`) VALUES('1011', 'Can see recently edited pages');
INSERT INTO `field_title` (`pages_id`, `data`) VALUES('1012', 'Logs');
INSERT INTO `field_title` (`pages_id`, `data`) VALUES('1013', 'Can view system logs');
INSERT INTO `field_title` (`pages_id`, `data`) VALUES('1014', 'Can manage system logs');
INSERT INTO `field_title` (`pages_id`, `data`) VALUES('1015', 'Import Pages CSV');
INSERT INTO `field_title` (`pages_id`, `data`) VALUES('1016', 'DB Backups');
INSERT INTO `field_title` (`pages_id`, `data`) VALUES('1017', 'Manage database backups (recommended for superuser only)');
INSERT INTO `field_title` (`pages_id`, `data`) VALUES('1018', 'Is allowed to use ALFRED frontend editing');

DROP TABLE IF EXISTS `fieldgroups`;
CREATE TABLE `fieldgroups` (
  `id` int(10) unsigned NOT NULL AUTO_INCREMENT,
  `name` varchar(191) CHARACTER SET ascii COLLATE ascii_general_ci NOT NULL,
  PRIMARY KEY (`id`),
  UNIQUE KEY `name` (`name`)
) ENGINE=InnoDB AUTO_INCREMENT=99 DEFAULT CHARSET=utf8mb4 COLLATE=utf8mb4_general_ci;

INSERT INTO `fieldgroups` (`id`, `name`) VALUES('2', 'admin');
INSERT INTO `fieldgroups` (`id`, `name`) VALUES('83', 'basic-page');
INSERT INTO `fieldgroups` (`id`, `name`) VALUES('98', 'book');
INSERT INTO `fieldgroups` (`id`, `name`) VALUES('97', 'books');
INSERT INTO `fieldgroups` (`id`, `name`) VALUES('1', 'home');
INSERT INTO `fieldgroups` (`id`, `name`) VALUES('5', 'permission');
INSERT INTO `fieldgroups` (`id`, `name`) VALUES('4', 'role');
INSERT INTO `fieldgroups` (`id`, `name`) VALUES('3', 'user');

DROP TABLE IF EXISTS `fieldgroups_fields`;
CREATE TABLE `fieldgroups_fields` (
  `fieldgroups_id` int(10) unsigned NOT NULL DEFAULT 0,
  `fields_id` int(10) unsigned NOT NULL DEFAULT 0,
  `sort` int(11) unsigned NOT NULL DEFAULT 0,
  `data` text DEFAULT NULL,
  PRIMARY KEY (`fieldgroups_id`,`fields_id`)
) ENGINE=InnoDB DEFAULT CHARSET=utf8mb4 COLLATE=utf8mb4_general_ci;

INSERT INTO `fieldgroups_fields` (`fieldgroups_id`, `fields_id`, `sort`, `data`) VALUES('1', '1', '0', NULL);
INSERT INTO `fieldgroups_fields` (`fieldgroups_id`, `fields_id`, `sort`, `data`) VALUES('2', '1', '0', NULL);
INSERT INTO `fieldgroups_fields` (`fieldgroups_id`, `fields_id`, `sort`, `data`) VALUES('2', '2', '1', NULL);
INSERT INTO `fieldgroups_fields` (`fieldgroups_id`, `fields_id`, `sort`, `data`) VALUES('3', '3', '0', NULL);
INSERT INTO `fieldgroups_fields` (`fieldgroups_id`, `fields_id`, `sort`, `data`) VALUES('3', '4', '2', NULL);
INSERT INTO `fieldgroups_fields` (`fieldgroups_id`, `fields_id`, `sort`, `data`) VALUES('3', '92', '1', NULL);
INSERT INTO `fieldgroups_fields` (`fieldgroups_id`, `fields_id`, `sort`, `data`) VALUES('3', '97', '3', NULL);
INSERT INTO `fieldgroups_fields` (`fieldgroups_id`, `fields_id`, `sort`, `data`) VALUES('4', '5', '0', NULL);
INSERT INTO `fieldgroups_fields` (`fieldgroups_id`, `fields_id`, `sort`, `data`) VALUES('5', '1', '0', NULL);
INSERT INTO `fieldgroups_fields` (`fieldgroups_id`, `fields_id`, `sort`, `data`) VALUES('83', '1', '0', NULL);
INSERT INTO `fieldgroups_fields` (`fieldgroups_id`, `fields_id`, `sort`, `data`) VALUES('97', '1', '0', NULL);
INSERT INTO `fieldgroups_fields` (`fieldgroups_id`, `fields_id`, `sort`, `data`) VALUES('98', '1', '0', NULL);

DROP TABLE IF EXISTS `fields`;
CREATE TABLE `fields` (
  `id` int(10) unsigned NOT NULL AUTO_INCREMENT,
  `type` varchar(128) CHARACTER SET ascii COLLATE ascii_general_ci NOT NULL,
  `name` varchar(191) CHARACTER SET ascii COLLATE ascii_general_ci NOT NULL,
  `flags` int(11) NOT NULL DEFAULT 0,
  `label` varchar(191) NOT NULL DEFAULT '',
  `data` text NOT NULL,
  PRIMARY KEY (`id`),
  UNIQUE KEY `name` (`name`),
  KEY `type` (`type`)
) ENGINE=InnoDB AUTO_INCREMENT=98 DEFAULT CHARSET=utf8mb4 COLLATE=utf8mb4_general_ci;

INSERT INTO `fields` (`id`, `type`, `name`, `flags`, `label`, `data`) VALUES('1', 'FieldtypePageTitle', 'title', '13', 'Title', '{\"required\":1,\"textformatters\":[\"TextformatterEntities\"],\"size\":0,\"maxlength\":255}');
INSERT INTO `fields` (`id`, `type`, `name`, `flags`, `label`, `data`) VALUES('2', 'FieldtypeModule', 'process', '25', 'Process', '{\"description\":\"The process that is executed on this page. Since this is mostly used by ProcessWire internally, it is recommended that you don\'t change the value of this unless adding your own pages in the admin.\",\"collapsed\":1,\"required\":1,\"moduleTypes\":[\"Process\"],\"permanent\":1}');
INSERT INTO `fields` (`id`, `type`, `name`, `flags`, `label`, `data`) VALUES('3', 'FieldtypePassword', 'pass', '24', 'Set Password', '{\"collapsed\":1,\"size\":50,\"maxlength\":128}');
INSERT INTO `fields` (`id`, `type`, `name`, `flags`, `label`, `data`) VALUES('4', 'FieldtypePage', 'roles', '24', 'Roles', '{\"derefAsPage\":0,\"parent_id\":30,\"labelFieldName\":\"name\",\"inputfield\":\"InputfieldCheckboxes\",\"description\":\"User will inherit the permissions assigned to each role. You may assign multiple roles to a user. When accessing a page, the user will only inherit permissions from the roles that are also assigned to the page\'s template.\"}');
INSERT INTO `fields` (`id`, `type`, `name`, `flags`, `label`, `data`) VALUES('5', 'FieldtypePage', 'permissions', '24', 'Permissions', '{\"derefAsPage\":0,\"parent_id\":31,\"labelFieldName\":\"title\",\"inputfield\":\"InputfieldCheckboxes\"}');
INSERT INTO `fields` (`id`, `type`, `name`, `flags`, `label`, `data`) VALUES('92', 'FieldtypeEmail', 'email', '9', 'E-Mail Address', '{\"size\":70,\"maxlength\":255}');
INSERT INTO `fields` (`id`, `type`, `name`, `flags`, `label`, `data`) VALUES('97', 'FieldtypeModule', 'admin_theme', '8', 'Admin Theme', '{\"moduleTypes\":[\"AdminTheme\"],\"labelField\":\"title\",\"inputfieldClass\":\"InputfieldRadios\"}');

DROP TABLE IF EXISTS `modules`;
CREATE TABLE `modules` (
  `id` int(10) unsigned NOT NULL AUTO_INCREMENT,
  `class` varchar(128) CHARACTER SET ascii COLLATE ascii_general_ci NOT NULL,
  `flags` int(11) NOT NULL DEFAULT 0,
  `data` mediumtext NOT NULL,
  `created` timestamp NOT NULL DEFAULT current_timestamp(),
  PRIMARY KEY (`id`),
  UNIQUE KEY `class` (`class`)
) ENGINE=InnoDB AUTO_INCREMENT=338 DEFAULT CHARSET=utf8mb4 COLLATE=utf8mb4_general_ci;

INSERT INTO `modules` (`id`, `class`, `flags`, `data`, `created`) VALUES('1', 'FieldtypeTextarea', '0', '', '2024-08-17 21:04:24');
INSERT INTO `modules` (`id`, `class`, `flags`, `data`, `created`) VALUES('3', 'FieldtypeText', '0', '', '2024-08-17 21:04:24');
INSERT INTO `modules` (`id`, `class`, `flags`, `data`, `created`) VALUES('4', 'FieldtypePage', '0', '', '2024-08-17 21:04:24');
INSERT INTO `modules` (`id`, `class`, `flags`, `data`, `created`) VALUES('6', 'FieldtypeFile', '0', '', '2024-08-17 21:04:24');
INSERT INTO `modules` (`id`, `class`, `flags`, `data`, `created`) VALUES('7', 'ProcessPageEdit', '1', '', '2024-08-17 21:04:24');
INSERT INTO `modules` (`id`, `class`, `flags`, `data`, `created`) VALUES('10', 'ProcessLogin', '0', '', '2024-08-17 21:04:24');
INSERT INTO `modules` (`id`, `class`, `flags`, `data`, `created`) VALUES('12', 'ProcessPageList', '0', '{\"pageLabelField\":\"title\",\"paginationLimit\":25,\"limit\":50}', '2024-08-17 21:04:24');
INSERT INTO `modules` (`id`, `class`, `flags`, `data`, `created`) VALUES('14', 'ProcessPageSort', '0', '', '2024-08-17 21:04:24');
INSERT INTO `modules` (`id`, `class`, `flags`, `data`, `created`) VALUES('15', 'InputfieldPageListSelect', '0', '', '2024-08-17 21:04:24');
INSERT INTO `modules` (`id`, `class`, `flags`, `data`, `created`) VALUES('17', 'ProcessPageAdd', '0', '', '2024-08-17 21:04:24');
INSERT INTO `modules` (`id`, `class`, `flags`, `data`, `created`) VALUES('25', 'InputfieldAsmSelect', '0', '', '2024-08-17 21:04:24');
INSERT INTO `modules` (`id`, `class`, `flags`, `data`, `created`) VALUES('27', 'FieldtypeModule', '0', '', '2024-08-17 21:04:24');
INSERT INTO `modules` (`id`, `class`, `flags`, `data`, `created`) VALUES('28', 'FieldtypeDatetime', '0', '', '2024-08-17 21:04:24');
INSERT INTO `modules` (`id`, `class`, `flags`, `data`, `created`) VALUES('29', 'FieldtypeEmail', '0', '', '2024-08-17 21:04:24');
INSERT INTO `modules` (`id`, `class`, `flags`, `data`, `created`) VALUES('30', 'InputfieldForm', '0', '', '2024-08-17 21:04:24');
INSERT INTO `modules` (`id`, `class`, `flags`, `data`, `created`) VALUES('32', 'InputfieldSubmit', '0', '', '2024-08-17 21:04:24');
INSERT INTO `modules` (`id`, `class`, `flags`, `data`, `created`) VALUES('34', 'InputfieldText', '0', '', '2024-08-17 21:04:24');
INSERT INTO `modules` (`id`, `class`, `flags`, `data`, `created`) VALUES('35', 'InputfieldTextarea', '0', '', '2024-08-17 21:04:24');
INSERT INTO `modules` (`id`, `class`, `flags`, `data`, `created`) VALUES('36', 'InputfieldSelect', '0', '', '2024-08-17 21:04:24');
INSERT INTO `modules` (`id`, `class`, `flags`, `data`, `created`) VALUES('37', 'InputfieldCheckbox', '0', '', '2024-08-17 21:04:24');
INSERT INTO `modules` (`id`, `class`, `flags`, `data`, `created`) VALUES('38', 'InputfieldCheckboxes', '0', '', '2024-08-17 21:04:24');
INSERT INTO `modules` (`id`, `class`, `flags`, `data`, `created`) VALUES('39', 'InputfieldRadios', '0', '', '2024-08-17 21:04:24');
INSERT INTO `modules` (`id`, `class`, `flags`, `data`, `created`) VALUES('40', 'InputfieldHidden', '0', '', '2024-08-17 21:04:24');
INSERT INTO `modules` (`id`, `class`, `flags`, `data`, `created`) VALUES('41', 'InputfieldName', '0', '', '2024-08-17 21:04:24');
INSERT INTO `modules` (`id`, `class`, `flags`, `data`, `created`) VALUES('43', 'InputfieldSelectMultiple', '0', '', '2024-08-17 21:04:24');
INSERT INTO `modules` (`id`, `class`, `flags`, `data`, `created`) VALUES('45', 'JqueryWireTabs', '0', '', '2024-08-17 21:04:24');
INSERT INTO `modules` (`id`, `class`, `flags`, `data`, `created`) VALUES('47', 'ProcessTemplate', '0', '', '2024-08-17 21:04:24');
INSERT INTO `modules` (`id`, `class`, `flags`, `data`, `created`) VALUES('48', 'ProcessField', '32', '', '2024-08-17 21:04:24');
INSERT INTO `modules` (`id`, `class`, `flags`, `data`, `created`) VALUES('50', 'ProcessModule', '0', '', '2024-08-17 21:04:24');
INSERT INTO `modules` (`id`, `class`, `flags`, `data`, `created`) VALUES('55', 'InputfieldFile', '0', '', '2024-08-17 21:04:24');
INSERT INTO `modules` (`id`, `class`, `flags`, `data`, `created`) VALUES('56', 'InputfieldImage', '0', '', '2024-08-17 21:04:24');
INSERT INTO `modules` (`id`, `class`, `flags`, `data`, `created`) VALUES('57', 'FieldtypeImage', '0', '', '2024-08-17 21:04:24');
INSERT INTO `modules` (`id`, `class`, `flags`, `data`, `created`) VALUES('60', 'InputfieldPage', '0', '{\"inputfieldClasses\":[\"InputfieldSelect\",\"InputfieldSelectMultiple\",\"InputfieldCheckboxes\",\"InputfieldRadios\",\"InputfieldAsmSelect\",\"InputfieldPageListSelect\",\"InputfieldPageListSelectMultiple\"]}', '2024-08-17 21:04:24');
INSERT INTO `modules` (`id`, `class`, `flags`, `data`, `created`) VALUES('61', 'TextformatterEntities', '0', '', '2024-08-17 21:04:24');
INSERT INTO `modules` (`id`, `class`, `flags`, `data`, `created`) VALUES('66', 'ProcessUser', '0', '{\"showFields\":[\"name\",\"email\",\"roles\"]}', '2024-08-17 21:04:24');
INSERT INTO `modules` (`id`, `class`, `flags`, `data`, `created`) VALUES('67', 'MarkupAdminDataTable', '0', '', '2024-08-17 21:04:24');
INSERT INTO `modules` (`id`, `class`, `flags`, `data`, `created`) VALUES('68', 'ProcessRole', '0', '{\"showFields\":[\"name\"]}', '2024-08-17 21:04:24');
INSERT INTO `modules` (`id`, `class`, `flags`, `data`, `created`) VALUES('76', 'ProcessList', '0', '', '2024-08-17 21:04:24');
INSERT INTO `modules` (`id`, `class`, `flags`, `data`, `created`) VALUES('78', 'InputfieldFieldset', '0', '', '2024-08-17 21:04:24');
INSERT INTO `modules` (`id`, `class`, `flags`, `data`, `created`) VALUES('79', 'InputfieldMarkup', '0', '', '2024-08-17 21:04:24');
INSERT INTO `modules` (`id`, `class`, `flags`, `data`, `created`) VALUES('80', 'InputfieldEmail', '0', '', '2024-08-17 21:04:24');
INSERT INTO `modules` (`id`, `class`, `flags`, `data`, `created`) VALUES('83', 'ProcessPageView', '0', '', '2024-08-17 21:04:24');
INSERT INTO `modules` (`id`, `class`, `flags`, `data`, `created`) VALUES('84', 'FieldtypeInteger', '0', '', '2024-08-17 21:04:24');
INSERT INTO `modules` (`id`, `class`, `flags`, `data`, `created`) VALUES('85', 'InputfieldInteger', '0', '', '2024-08-17 21:04:24');
INSERT INTO `modules` (`id`, `class`, `flags`, `data`, `created`) VALUES('86', 'InputfieldPageName', '0', '', '2024-08-17 21:04:24');
INSERT INTO `modules` (`id`, `class`, `flags`, `data`, `created`) VALUES('87', 'ProcessHome', '0', '', '2024-08-17 21:04:24');
INSERT INTO `modules` (`id`, `class`, `flags`, `data`, `created`) VALUES('89', 'FieldtypeFloat', '1', '', '2024-08-17 21:04:24');
INSERT INTO `modules` (`id`, `class`, `flags`, `data`, `created`) VALUES('90', 'InputfieldFloat', '0', '', '2024-08-17 21:04:24');
INSERT INTO `modules` (`id`, `class`, `flags`, `data`, `created`) VALUES('94', 'InputfieldDatetime', '0', '', '2024-08-17 21:04:24');
INSERT INTO `modules` (`id`, `class`, `flags`, `data`, `created`) VALUES('97', 'FieldtypeCheckbox', '1', '', '2024-08-17 21:04:24');
INSERT INTO `modules` (`id`, `class`, `flags`, `data`, `created`) VALUES('98', 'MarkupPagerNav', '0', '', '2024-08-17 21:04:24');
INSERT INTO `modules` (`id`, `class`, `flags`, `data`, `created`) VALUES('103', 'JqueryTableSorter', '1', '', '2024-08-17 21:04:24');
INSERT INTO `modules` (`id`, `class`, `flags`, `data`, `created`) VALUES('104', 'ProcessPageSearch', '1', '{\"searchFields\":\"title\",\"displayField\":\"title path\"}', '2024-08-17 21:04:24');
INSERT INTO `modules` (`id`, `class`, `flags`, `data`, `created`) VALUES('105', 'FieldtypeFieldsetOpen', '1', '', '2024-08-17 21:04:24');
INSERT INTO `modules` (`id`, `class`, `flags`, `data`, `created`) VALUES('106', 'FieldtypeFieldsetClose', '1', '', '2024-08-17 21:04:24');
INSERT INTO `modules` (`id`, `class`, `flags`, `data`, `created`) VALUES('107', 'FieldtypeFieldsetTabOpen', '1', '', '2024-08-17 21:04:24');
INSERT INTO `modules` (`id`, `class`, `flags`, `data`, `created`) VALUES('108', 'InputfieldURL', '0', '', '2024-08-17 21:04:24');
INSERT INTO `modules` (`id`, `class`, `flags`, `data`, `created`) VALUES('109', 'ProcessPageTrash', '1', '', '2024-08-17 21:04:24');
INSERT INTO `modules` (`id`, `class`, `flags`, `data`, `created`) VALUES('111', 'FieldtypePageTitle', '1', '', '2024-08-17 21:04:24');
INSERT INTO `modules` (`id`, `class`, `flags`, `data`, `created`) VALUES('112', 'InputfieldPageTitle', '0', '', '2024-08-17 21:04:24');
INSERT INTO `modules` (`id`, `class`, `flags`, `data`, `created`) VALUES('113', 'MarkupPageArray', '3', '', '2024-08-17 21:04:24');
INSERT INTO `modules` (`id`, `class`, `flags`, `data`, `created`) VALUES('114', 'PagePermissions', '3', '', '2024-08-17 21:04:24');
INSERT INTO `modules` (`id`, `class`, `flags`, `data`, `created`) VALUES('115', 'PageRender', '3', '{\"clearCache\":1}', '2024-08-17 21:04:24');
INSERT INTO `modules` (`id`, `class`, `flags`, `data`, `created`) VALUES('116', 'JqueryCore', '1', '', '2024-08-17 21:04:24');
INSERT INTO `modules` (`id`, `class`, `flags`, `data`, `created`) VALUES('117', 'JqueryUI', '1', '', '2024-08-17 21:04:24');
INSERT INTO `modules` (`id`, `class`, `flags`, `data`, `created`) VALUES('121', 'ProcessPageEditLink', '1', '', '2024-08-17 21:04:24');
INSERT INTO `modules` (`id`, `class`, `flags`, `data`, `created`) VALUES('122', 'InputfieldPassword', '0', '', '2024-08-17 21:04:24');
INSERT INTO `modules` (`id`, `class`, `flags`, `data`, `created`) VALUES('125', 'SessionLoginThrottle', '11', '', '2024-08-17 21:04:24');
INSERT INTO `modules` (`id`, `class`, `flags`, `data`, `created`) VALUES('129', 'ProcessPageEditImageSelect', '1', '', '2024-08-17 21:04:24');
INSERT INTO `modules` (`id`, `class`, `flags`, `data`, `created`) VALUES('131', 'InputfieldButton', '0', '', '2024-08-17 21:04:24');
INSERT INTO `modules` (`id`, `class`, `flags`, `data`, `created`) VALUES('133', 'FieldtypePassword', '1', '', '2024-08-17 21:04:24');
INSERT INTO `modules` (`id`, `class`, `flags`, `data`, `created`) VALUES('134', 'ProcessPageType', '33', '{\"showFields\":[]}', '2024-08-17 21:04:24');
INSERT INTO `modules` (`id`, `class`, `flags`, `data`, `created`) VALUES('135', 'FieldtypeURL', '1', '', '2024-08-17 21:04:24');
INSERT INTO `modules` (`id`, `class`, `flags`, `data`, `created`) VALUES('136', 'ProcessPermission', '1', '{\"showFields\":[\"name\",\"title\"]}', '2024-08-17 21:04:24');
INSERT INTO `modules` (`id`, `class`, `flags`, `data`, `created`) VALUES('137', 'InputfieldPageListSelectMultiple', '0', '', '2024-08-17 21:04:24');
INSERT INTO `modules` (`id`, `class`, `flags`, `data`, `created`) VALUES('138', 'ProcessProfile', '1', '{\"profileFields\":[\"pass\",\"email\",\"admin_theme\"]}', '2024-08-17 21:04:24');
INSERT INTO `modules` (`id`, `class`, `flags`, `data`, `created`) VALUES('139', 'SystemUpdater', '1', '{\"systemVersion\":20,\"coreVersion\":\"3.0.241\"}', '2024-08-17 21:04:24');
INSERT INTO `modules` (`id`, `class`, `flags`, `data`, `created`) VALUES('148', 'AdminThemeDefault', '10', '{\"colors\":\"classic\"}', '2024-08-17 21:04:24');
INSERT INTO `modules` (`id`, `class`, `flags`, `data`, `created`) VALUES('149', 'InputfieldSelector', '42', '', '2024-08-17 21:04:24');
INSERT INTO `modules` (`id`, `class`, `flags`, `data`, `created`) VALUES('150', 'ProcessPageLister', '32', '', '2024-08-17 21:04:24');
INSERT INTO `modules` (`id`, `class`, `flags`, `data`, `created`) VALUES('151', 'JqueryMagnific', '1', '', '2024-08-17 21:04:24');
INSERT INTO `modules` (`id`, `class`, `flags`, `data`, `created`) VALUES('155', 'InputfieldTinyMCE', '0', '', '2024-08-17 21:04:24');
INSERT INTO `modules` (`id`, `class`, `flags`, `data`, `created`) VALUES('156', 'MarkupHTMLPurifier', '0', '', '2024-08-17 21:04:24');
INSERT INTO `modules` (`id`, `class`, `flags`, `data`, `created`) VALUES('159', '.Modules.wire/modules/', '8192', 'Inputfield/InputfieldHidden.module\nInputfield/InputfieldPageTable/InputfieldPageTable.module\nInputfield/InputfieldImage/InputfieldImage.module\nInputfield/InputfieldSelectMultiple.module\nInputfield/InputfieldPage/InputfieldPage.module\nInputfield/InputfieldEmail.module\nInputfield/InputfieldTinyMCE/InputfieldTinyMCE.module.php\nInputfield/InputfieldIcon/InputfieldIcon.module\nInputfield/InputfieldPassword/InputfieldPassword.module\nInputfield/InputfieldInteger.module\nInputfield/InputfieldTextarea.module\nInputfield/InputfieldSelect.module\nInputfield/InputfieldForm.module\nInputfield/InputfieldPageListSelect/InputfieldPageListSelectMultiple.module\nInputfield/InputfieldPageListSelect/InputfieldPageListSelect.module\nInputfield/InputfieldAsmSelect/InputfieldAsmSelect.module\nInputfield/InputfieldSelector/InputfieldSelector.module\nInputfield/InputfieldSubmit/InputfieldSubmit.module\nInputfield/InputfieldName.module\nInputfield/InputfieldPageAutocomplete/InputfieldPageAutocomplete.module\nInputfield/InputfieldToggle/InputfieldToggle.module\nInputfield/InputfieldMarkup.module\nInputfield/InputfieldTextTags/InputfieldTextTags.module\nInputfield/InputfieldCheckboxes/InputfieldCheckboxes.module\nInputfield/InputfieldPageTitle/InputfieldPageTitle.module\nInputfield/InputfieldFieldset.module\nInputfield/InputfieldURL.module\nInputfield/InputfieldDatetime/InputfieldDatetime.module\nInputfield/InputfieldButton.module\nInputfield/InputfieldPageName/InputfieldPageName.module\nInputfield/InputfieldRadios/InputfieldRadios.module\nInputfield/InputfieldFloat.module\nInputfield/InputfieldCheckbox/InputfieldCheckbox.module\nInputfield/InputfieldText/InputfieldText.module\nInputfield/InputfieldCKEditor/InputfieldCKEditor.module\nInputfield/InputfieldFile/InputfieldFile.module\nLazyCron.module\nAdminTheme/AdminThemeReno/AdminThemeReno.module\nAdminTheme/AdminThemeUikit/AdminThemeUikit.module\nAdminTheme/AdminThemeDefault/AdminThemeDefault.module\nPagePathHistory.module\nImage/ImageSizerEngineAnimatedGif/ImageSizerEngineAnimatedGif.module\nImage/ImageSizerEngineIMagick/ImageSizerEngineIMagick.module\nTextformatter/TextformatterMarkdownExtra/TextformatterMarkdownExtra.module\nTextformatter/TextformatterEntities.module\nTextformatter/TextformatterNewlineUL.module\nTextformatter/TextformatterSmartypants/TextformatterSmartypants.module\nTextformatter/TextformatterStripTags.module\nTextformatter/TextformatterPstripper.module\nTextformatter/TextformatterNewlineBR.module\nPages/PagesVersions/PagesVersions.module.php\nSession/SessionLoginThrottle/SessionLoginThrottle.module\nSession/SessionHandlerDB/ProcessSessionDB.module\nSession/SessionHandlerDB/SessionHandlerDB.module\nMarkup/MarkupAdminDataTable/MarkupAdminDataTable.module\nMarkup/MarkupRSS.module\nMarkup/MarkupHTMLPurifier/MarkupHTMLPurifier.module\nMarkup/MarkupPagerNav/MarkupPagerNav.module\nMarkup/MarkupCache.module\nMarkup/MarkupPageFields.module\nMarkup/MarkupPageArray.module\nSystem/SystemNotifications/SystemNotifications.module\nSystem/SystemNotifications/FieldtypeNotifications.module\nSystem/SystemUpdater/SystemUpdater.module\nPage/PageFrontEdit/PageFrontEdit.module\nFieldtype/FieldtypeDatetime.module\nFieldtype/FieldtypePage.module\nFieldtype/FieldtypeFieldsetTabOpen.module\nFieldtype/FieldtypeURL.module\nFieldtype/FieldtypeFieldsetClose.module\nFieldtype/FieldtypeTextarea.module\nFieldtype/FieldtypePassword.module\nFieldtype/FieldtypeModule.module\nFieldtype/FieldtypeCheckbox.module\nFieldtype/FieldtypeSelector.module\nFieldtype/FieldtypeComments/CommentFilterAkismet.module\nFieldtype/FieldtypeComments/FieldtypeComments.module\nFieldtype/FieldtypeComments/InputfieldCommentsAdmin.module\nFieldtype/FieldtypeImage/FieldtypeImage.module\nFieldtype/FieldtypeText.module\nFieldtype/FieldtypeCache.module\nFieldtype/FieldtypeOptions/FieldtypeOptions.module\nFieldtype/FieldtypePageTable.module\nFieldtype/FieldtypeEmail.module\nFieldtype/FieldtypePageTitle.module\nFieldtype/FieldtypeToggle.module\nFieldtype/FieldtypeInteger.module\nFieldtype/FieldtypeRepeater/FieldtypeFieldsetPage.module\nFieldtype/FieldtypeRepeater/FieldtypeRepeater.module\nFieldtype/FieldtypeRepeater/InputfieldRepeater.module\nFieldtype/FieldtypeDecimal.module\nFieldtype/FieldtypeFloat.module\nFieldtype/FieldtypeFile/FieldtypeFile.module\nFieldtype/FieldtypeFieldsetOpen.module\nPagePaths.module\nJquery/JqueryMagnific/JqueryMagnific.module\nJquery/JqueryWireTabs/JqueryWireTabs.module\nJquery/JqueryCore/JqueryCore.module\nJquery/JqueryUI/JqueryUI.module\nJquery/JqueryTableSorter/JqueryTableSorter.module\nPagePermissions.module\nLanguageSupport/LanguageSupportFields.module\nLanguageSupport/FieldtypeTextareaLanguage.module\nLanguageSupport/FieldtypeTextLanguage.module\nLanguageSupport/LanguageTabs.module\nLanguageSupport/ProcessLanguageTranslator.module\nLanguageSupport/FieldtypePageTitleLanguage.module\nLanguageSupport/LanguageSupport.module\nLanguageSupport/ProcessLanguage.module\nLanguageSupport/LanguageSupportPageNames.module\nFileCompilerTags.module\nPageRender.module\nProcess/ProcessPagesExportImport/ProcessPagesExportImport.module\nProcess/ProcessPageEditImageSelect/ProcessPageEditImageSelect.module\nProcess/ProcessPageType/ProcessPageType.module\nProcess/ProcessPermission/ProcessPermission.module\nProcess/ProcessHome.module\nProcess/ProcessCommentsManager/ProcessCommentsManager.module\nProcess/ProcessModule/ProcessModule.module\nProcess/ProcessProfile/ProcessProfile.module\nProcess/ProcessRole/ProcessRole.module\nProcess/ProcessPageView.module\nProcess/ProcessPageAdd/ProcessPageAdd.module\nProcess/ProcessPageSort.module\nProcess/ProcessTemplate/ProcessTemplate.module\nProcess/ProcessPageSearch/ProcessPageSearch.module\nProcess/ProcessField/ProcessField.module\nProcess/ProcessPageEdit/ProcessPageEdit.module\nProcess/ProcessPageEditLink/ProcessPageEditLink.module\nProcess/ProcessPageTrash.module\nProcess/ProcessUser/ProcessUser.module\nProcess/ProcessList.module\nProcess/ProcessRecentPages/ProcessRecentPages.module\nProcess/ProcessPageList/ProcessPageList.module\nProcess/ProcessLogin/ProcessLogin.module\nProcess/ProcessForgotPassword/ProcessForgotPassword.module\nProcess/ProcessLogger/ProcessLogger.module\nProcess/ProcessPageClone.module\nProcess/ProcessPageLister/ProcessPageLister.module', '2024-08-17 21:04:34');
INSERT INTO `modules` (`id`, `class`, `flags`, `data`, `created`) VALUES('160', '.Modules.site/modules/', '8192', 'ProcessDatabaseBackups/ProcessDatabaseBackups.module\nImportPagesCSV/ImportPagesCSV.module\nRockFrontend/TextformatterRockFrontend.module.php\nRockFrontend/RockFrontend.module.php\nTemplateEngineTwig/TemplateEngineTwig.module.php\nTemplateEngineFactory/TemplateEngineProcesswire.module.php\nTemplateEngineFactory/TemplateEngineFactory.module.php\nAutocompleteModuleClassName/AutocompleteModuleClassName.module', '2024-08-17 21:04:34');
INSERT INTO `modules` (`id`, `class`, `flags`, `data`, `created`) VALUES('161', '.Modules.info', '8192', '{\"40\":{\"name\":\"InputfieldHidden\",\"title\":\"Hidden\",\"version\":101,\"created\":1723921464,\"permanent\":true},\"56\":{\"name\":\"InputfieldImage\",\"title\":\"Images\",\"version\":129,\"created\":1723921464,\"permanent\":true},\"43\":{\"name\":\"InputfieldSelectMultiple\",\"title\":\"Select Multiple\",\"version\":101,\"created\":1723921464,\"permanent\":true},\"60\":{\"name\":\"InputfieldPage\",\"title\":\"Page\",\"version\":109,\"created\":1723921464,\"configurable\":3,\"permanent\":true},\"80\":{\"name\":\"InputfieldEmail\",\"title\":\"Email\",\"version\":102,\"created\":1723921464},\"155\":{\"name\":\"InputfieldTinyMCE\",\"title\":\"TinyMCE\",\"version\":618,\"icon\":\"keyboard-o\",\"requiresVersions\":{\"ProcessWire\":[\">=\",\"3.0.200\"],\"MarkupHTMLPurifier\":[\">=\",0]},\"created\":1723921464,\"configurable\":4},\"205\":{\"name\":\"InputfieldIcon\",\"title\":\"Icon\",\"version\":3,\"created\":1723921483},\"122\":{\"name\":\"InputfieldPassword\",\"title\":\"Password\",\"version\":102,\"created\":1723921464,\"permanent\":true},\"85\":{\"name\":\"InputfieldInteger\",\"title\":\"Integer\",\"version\":105,\"created\":1723921464,\"permanent\":true},\"35\":{\"name\":\"InputfieldTextarea\",\"title\":\"Textarea\",\"version\":103,\"created\":1723921464,\"permanent\":true},\"36\":{\"name\":\"InputfieldSelect\",\"title\":\"Select\",\"version\":103,\"created\":1723921464,\"permanent\":true},\"30\":{\"name\":\"InputfieldForm\",\"title\":\"Form\",\"version\":107,\"created\":1723921464,\"permanent\":true},\"137\":{\"name\":\"InputfieldPageListSelectMultiple\",\"title\":\"Page List Select Multiple\",\"version\":103,\"created\":1723921464,\"permanent\":true},\"15\":{\"name\":\"InputfieldPageListSelect\",\"title\":\"Page List Select\",\"version\":101,\"created\":1723921464,\"permanent\":true},\"25\":{\"name\":\"InputfieldAsmSelect\",\"title\":\"asmSelect\",\"version\":203,\"created\":1723921464,\"permanent\":true},\"149\":{\"name\":\"InputfieldSelector\",\"title\":\"Selector\",\"version\":28,\"autoload\":\"template=admin\",\"created\":1723921464,\"configurable\":3,\"addFlag\":32},\"32\":{\"name\":\"InputfieldSubmit\",\"title\":\"Submit\",\"version\":103,\"created\":1723921464,\"permanent\":true},\"41\":{\"name\":\"InputfieldName\",\"title\":\"Name\",\"version\":100,\"created\":1723921464,\"permanent\":true},\"79\":{\"name\":\"InputfieldMarkup\",\"title\":\"Markup\",\"version\":102,\"created\":1723921464,\"permanent\":true},\"295\":{\"name\":\"InputfieldTextTags\",\"title\":\"Text Tags\",\"version\":7,\"icon\":\"tags\",\"created\":1723921646},\"38\":{\"name\":\"InputfieldCheckboxes\",\"title\":\"Checkboxes\",\"version\":108,\"created\":1723921464,\"permanent\":true},\"112\":{\"name\":\"InputfieldPageTitle\",\"title\":\"Page Title\",\"version\":102,\"created\":1723921464,\"permanent\":true},\"78\":{\"name\":\"InputfieldFieldset\",\"title\":\"Fieldset\",\"version\":101,\"created\":1723921464,\"permanent\":true},\"108\":{\"name\":\"InputfieldURL\",\"title\":\"URL\",\"version\":103,\"created\":1723921464},\"94\":{\"name\":\"InputfieldDatetime\",\"title\":\"Datetime\",\"version\":108,\"created\":1723921464,\"permanent\":true},\"131\":{\"name\":\"InputfieldButton\",\"title\":\"Button\",\"version\":100,\"created\":1723921464,\"permanent\":true},\"86\":{\"name\":\"InputfieldPageName\",\"title\":\"Page Name\",\"version\":106,\"created\":1723921464,\"configurable\":3,\"permanent\":true},\"39\":{\"name\":\"InputfieldRadios\",\"title\":\"Radio Buttons\",\"version\":106,\"created\":1723921464,\"permanent\":true},\"90\":{\"name\":\"InputfieldFloat\",\"title\":\"Float\",\"version\":105,\"created\":1723921464,\"permanent\":true},\"37\":{\"name\":\"InputfieldCheckbox\",\"title\":\"Checkbox\",\"version\":106,\"created\":1723921464,\"permanent\":true},\"34\":{\"name\":\"InputfieldText\",\"title\":\"Text\",\"version\":106,\"created\":1723921464,\"permanent\":true},\"55\":{\"name\":\"InputfieldFile\",\"title\":\"Files\",\"version\":129,\"created\":1723921464,\"permanent\":true},\"187\":{\"name\":\"AdminThemeUikit\",\"title\":\"Uikit\",\"version\":34,\"autoload\":\"template=admin\",\"created\":1723921474,\"configurable\":4},\"148\":{\"name\":\"AdminThemeDefault\",\"title\":\"Default\",\"version\":14,\"autoload\":\"template=admin\",\"created\":1723921464,\"configurable\":19},\"61\":{\"name\":\"TextformatterEntities\",\"title\":\"HTML Entity Encoder (htmlspecialchars)\",\"version\":100,\"created\":1723921464},\"125\":{\"name\":\"SessionLoginThrottle\",\"title\":\"Session Login Throttle\",\"version\":103,\"autoload\":\"function\",\"singular\":true,\"created\":1723921464,\"configurable\":3},\"67\":{\"name\":\"MarkupAdminDataTable\",\"title\":\"Admin Data Table\",\"version\":107,\"created\":1723921464,\"permanent\":true},\"156\":{\"name\":\"MarkupHTMLPurifier\",\"title\":\"HTML Purifier\",\"version\":497,\"created\":1723921464},\"98\":{\"name\":\"MarkupPagerNav\",\"title\":\"Pager (Pagination) Navigation\",\"version\":105,\"created\":1723921464},\"113\":{\"name\":\"MarkupPageArray\",\"title\":\"PageArray Markup\",\"version\":100,\"autoload\":true,\"singular\":true,\"created\":1723921464},\"139\":{\"name\":\"SystemUpdater\",\"title\":\"System Updater\",\"version\":20,\"singular\":true,\"created\":1723921464,\"configurable\":3,\"permanent\":true},\"28\":{\"name\":\"FieldtypeDatetime\",\"title\":\"Datetime\",\"version\":105,\"created\":1723921464},\"4\":{\"name\":\"FieldtypePage\",\"title\":\"Page Reference\",\"version\":107,\"created\":1723921464,\"configurable\":3,\"permanent\":true},\"107\":{\"name\":\"FieldtypeFieldsetTabOpen\",\"title\":\"Fieldset in Tab (Open)\",\"version\":100,\"singular\":1,\"created\":1723921464,\"permanent\":true},\"135\":{\"name\":\"FieldtypeURL\",\"title\":\"URL\",\"version\":101,\"singular\":1,\"created\":1723921464,\"permanent\":true},\"106\":{\"name\":\"FieldtypeFieldsetClose\",\"title\":\"Fieldset (Close)\",\"version\":100,\"singular\":1,\"created\":1723921464,\"permanent\":true},\"1\":{\"name\":\"FieldtypeTextarea\",\"title\":\"Textarea\",\"version\":107,\"created\":1723921464,\"permanent\":true},\"133\":{\"name\":\"FieldtypePassword\",\"title\":\"Password\",\"version\":101,\"singular\":true,\"created\":1723921464,\"permanent\":true},\"27\":{\"name\":\"FieldtypeModule\",\"title\":\"Module Reference\",\"version\":102,\"created\":1723921464,\"permanent\":true},\"97\":{\"name\":\"FieldtypeCheckbox\",\"title\":\"Checkbox\",\"version\":101,\"singular\":1,\"created\":1723921464,\"permanent\":true},\"57\":{\"name\":\"FieldtypeImage\",\"title\":\"Images\",\"version\":102,\"created\":1723921464,\"configurable\":4,\"permanent\":true},\"3\":{\"name\":\"FieldtypeText\",\"title\":\"Text\",\"version\":102,\"created\":1723921464,\"permanent\":true},\"29\":{\"name\":\"FieldtypeEmail\",\"title\":\"E-Mail\",\"version\":101,\"created\":1723921464},\"111\":{\"name\":\"FieldtypePageTitle\",\"title\":\"Page Title\",\"version\":100,\"singular\":true,\"created\":1723921464,\"permanent\":true},\"84\":{\"name\":\"FieldtypeInteger\",\"title\":\"Integer\",\"version\":102,\"created\":1723921464,\"permanent\":true},\"89\":{\"name\":\"FieldtypeFloat\",\"title\":\"Float\",\"version\":108,\"singular\":1,\"created\":1723921464,\"permanent\":true},\"6\":{\"name\":\"FieldtypeFile\",\"title\":\"Files\",\"version\":107,\"created\":1723921464,\"configurable\":4,\"permanent\":true},\"105\":{\"name\":\"FieldtypeFieldsetOpen\",\"title\":\"Fieldset (Open)\",\"version\":101,\"singular\":1,\"created\":1723921464,\"permanent\":true},\"151\":{\"name\":\"JqueryMagnific\",\"title\":\"jQuery Magnific Popup\",\"version\":\"1.1.0\",\"singular\":1,\"created\":1723921464},\"45\":{\"name\":\"JqueryWireTabs\",\"title\":\"jQuery Wire Tabs Plugin\",\"version\":110,\"created\":1723921464,\"configurable\":3,\"permanent\":true},\"116\":{\"name\":\"JqueryCore\",\"title\":\"jQuery Core\",\"version\":\"1.12.4\",\"singular\":true,\"created\":1723921464,\"permanent\":true},\"117\":{\"name\":\"JqueryUI\",\"title\":\"jQuery UI\",\"version\":\"1.10.4\",\"singular\":true,\"created\":1723921464,\"permanent\":true},\"103\":{\"name\":\"JqueryTableSorter\",\"title\":\"jQuery Table Sorter Plugin\",\"version\":\"2.31.3\",\"singular\":1,\"created\":1723921464},\"114\":{\"name\":\"PagePermissions\",\"title\":\"Page Permissions\",\"version\":105,\"autoload\":true,\"singular\":true,\"created\":1723921464,\"permanent\":true},\"115\":{\"name\":\"PageRender\",\"title\":\"Page Render\",\"version\":105,\"autoload\":true,\"singular\":true,\"created\":1723921464,\"configurable\":3,\"permanent\":true},\"129\":{\"name\":\"ProcessPageEditImageSelect\",\"title\":\"Page Edit Image\",\"version\":121,\"permission\":\"page-edit\",\"singular\":1,\"created\":1723921464,\"configurable\":3,\"permanent\":true},\"134\":{\"name\":\"ProcessPageType\",\"title\":\"Page Type\",\"version\":101,\"singular\":1,\"created\":1723921464,\"configurable\":3,\"permanent\":true,\"useNavJSON\":true,\"addFlag\":32},\"136\":{\"name\":\"ProcessPermission\",\"title\":\"Permissions\",\"version\":101,\"icon\":\"gear\",\"permission\":\"permission-admin\",\"singular\":1,\"created\":1723921464,\"configurable\":3,\"permanent\":true,\"useNavJSON\":true},\"87\":{\"name\":\"ProcessHome\",\"title\":\"Admin Home\",\"version\":101,\"permission\":\"page-view\",\"created\":1723921464,\"permanent\":true},\"50\":{\"name\":\"ProcessModule\",\"title\":\"Modules\",\"version\":121,\"permission\":\"module-admin\",\"created\":1723921464,\"permanent\":true,\"useNavJSON\":true,\"nav\":[{\"url\":\"?site#tab_site_modules\",\"label\":\"Site\",\"icon\":\"plug\",\"navJSON\":\"navJSON\\/?site=1\"},{\"url\":\"?core#tab_core_modules\",\"label\":\"Core\",\"icon\":\"plug\",\"navJSON\":\"navJSON\\/?core=1\"},{\"url\":\"?configurable#tab_configurable_modules\",\"label\":\"Configure\",\"icon\":\"gear\",\"navJSON\":\"navJSON\\/?configurable=1\"},{\"url\":\"?install#tab_install_modules\",\"label\":\"Install\",\"icon\":\"sign-in\",\"navJSON\":\"navJSON\\/?install=1\"},{\"url\":\"?new#tab_new_modules\",\"label\":\"New\",\"icon\":\"plus\"},{\"url\":\"?reset=1\",\"label\":\"Refresh\",\"icon\":\"refresh\"}]},\"138\":{\"name\":\"ProcessProfile\",\"title\":\"User Profile\",\"version\":105,\"permission\":\"profile-edit\",\"singular\":1,\"created\":1723921464,\"configurable\":3,\"permanent\":true},\"68\":{\"name\":\"ProcessRole\",\"title\":\"Roles\",\"version\":104,\"icon\":\"gears\",\"permission\":\"role-admin\",\"created\":1723921464,\"configurable\":3,\"permanent\":true,\"useNavJSON\":true},\"83\":{\"name\":\"ProcessPageView\",\"title\":\"Page View\",\"version\":106,\"permission\":\"page-view\",\"created\":1723921464,\"permanent\":true},\"17\":{\"name\":\"ProcessPageAdd\",\"title\":\"Page Add\",\"version\":109,\"icon\":\"plus-circle\",\"permission\":\"page-edit\",\"created\":1723921464,\"configurable\":3,\"permanent\":true,\"useNavJSON\":true},\"14\":{\"name\":\"ProcessPageSort\",\"title\":\"Page Sort and Move\",\"version\":101,\"permission\":\"page-edit\",\"created\":1723921464,\"permanent\":true},\"47\":{\"name\":\"ProcessTemplate\",\"title\":\"Templates\",\"version\":114,\"icon\":\"cubes\",\"permission\":\"template-admin\",\"created\":1723921464,\"configurable\":4,\"permanent\":true,\"useNavJSON\":true},\"104\":{\"name\":\"ProcessPageSearch\",\"title\":\"Page Search\",\"version\":108,\"permission\":\"page-edit\",\"singular\":1,\"created\":1723921464,\"configurable\":3,\"permanent\":true},\"48\":{\"name\":\"ProcessField\",\"title\":\"Fields\",\"version\":114,\"icon\":\"cube\",\"permission\":\"field-admin\",\"created\":1723921464,\"configurable\":3,\"permanent\":true,\"useNavJSON\":true,\"addFlag\":32},\"7\":{\"name\":\"ProcessPageEdit\",\"title\":\"Page Edit\",\"version\":112,\"icon\":\"edit\",\"permission\":\"page-edit\",\"singular\":1,\"created\":1723921464,\"configurable\":3,\"permanent\":true,\"useNavJSON\":true},\"121\":{\"name\":\"ProcessPageEditLink\",\"title\":\"Page Edit Link\",\"version\":112,\"icon\":\"link\",\"permission\":\"page-edit\",\"singular\":1,\"created\":1723921464,\"configurable\":4,\"permanent\":true},\"109\":{\"name\":\"ProcessPageTrash\",\"title\":\"Page Trash\",\"version\":103,\"singular\":1,\"created\":1723921464,\"permanent\":true},\"66\":{\"name\":\"ProcessUser\",\"title\":\"Users\",\"version\":107,\"icon\":\"group\",\"permission\":\"user-admin\",\"created\":1723921464,\"configurable\":\"ProcessUserConfig.php\",\"permanent\":true,\"useNavJSON\":true},\"76\":{\"name\":\"ProcessList\",\"title\":\"List\",\"version\":101,\"permission\":\"page-view\",\"created\":1723921464,\"permanent\":true},\"175\":{\"name\":\"ProcessRecentPages\",\"title\":\"Recent Pages\",\"version\":2,\"icon\":\"clock-o\",\"permission\":\"page-edit-recent\",\"singular\":1,\"created\":1723921474,\"useNavJSON\":true,\"nav\":[{\"url\":\"?edited=1\",\"label\":\"Edited\",\"icon\":\"users\",\"navJSON\":\"navJSON\\/?edited=1\"},{\"url\":\"?added=1\",\"label\":\"Created\",\"icon\":\"users\",\"navJSON\":\"navJSON\\/?added=1\"},{\"url\":\"?edited=1&me=1\",\"label\":\"Edited by me\",\"icon\":\"user\",\"navJSON\":\"navJSON\\/?edited=1&me=1\"},{\"url\":\"?added=1&me=1\",\"label\":\"Created by me\",\"icon\":\"user\",\"navJSON\":\"navJSON\\/?added=1&me=1\"},{\"url\":\"another\\/\",\"label\":\"Add another\",\"icon\":\"plus-circle\",\"navJSON\":\"anotherNavJSON\\/\"}]},\"12\":{\"name\":\"ProcessPageList\",\"title\":\"Page List\",\"version\":124,\"icon\":\"sitemap\",\"permission\":\"page-edit\",\"created\":1723921464,\"configurable\":3,\"permanent\":true,\"useNavJSON\":true},\"10\":{\"name\":\"ProcessLogin\",\"title\":\"Login\",\"version\":109,\"permission\":\"page-view\",\"created\":1723921464,\"configurable\":4,\"permanent\":true},\"200\":{\"name\":\"ProcessLogger\",\"title\":\"Logs\",\"version\":2,\"icon\":\"tree\",\"permission\":\"logs-view\",\"singular\":1,\"created\":1723921483,\"useNavJSON\":true},\"150\":{\"name\":\"ProcessPageLister\",\"title\":\"Lister\",\"version\":26,\"icon\":\"search\",\"permission\":\"page-lister\",\"created\":1723921464,\"configurable\":true,\"permanent\":true,\"useNavJSON\":true,\"addFlag\":32},\"290\":{\"name\":\"ProcessDatabaseBackups\",\"title\":\"Database Backups\",\"version\":6,\"icon\":\"database\",\"requiresVersions\":{\"ProcessWire\":[\">=\",\"3.0.62\"]},\"permission\":\"db-backup\",\"singular\":1,\"created\":1723921635,\"nav\":[{\"url\":\".\\/\",\"label\":\"View\",\"icon\":\"list\"},{\"url\":\"backup\\/\",\"label\":\"Backup\",\"icon\":\"plus-circle\"},{\"url\":\"upload\\/\",\"label\":\"Upload\",\"icon\":\"cloud-upload\"}]},\"273\":{\"name\":\"ImportPagesCSV\",\"title\":\"Import Pages from CSV\",\"version\":108,\"icon\":\"table\",\"requiresVersions\":{\"ProcessWire\":[\">=\",\"3.0.123\"]},\"singular\":1,\"created\":1723921619},\"328\":{\"name\":\"RockFrontend\",\"title\":\"RockFrontend\",\"version\":\"3.19.0\",\"icon\":\"paint-brush\",\"requiresVersions\":{\"PHP\":[\">=\",\"8.1\"]},\"autoload\":true,\"singular\":true,\"created\":1723922611,\"configurable\":4},\"306\":{\"name\":\"TemplateEngineFactory\",\"title\":\"Template Engine Factory\",\"version\":210,\"requiresVersions\":{\"PHP\":[\">=\",\"7.0\"],\"ProcessWire\":[\">=\",\"3.0\"]},\"autoload\":true,\"singular\":true,\"created\":1723922086,\"configurable\":true},\"311\":{\"name\":\"TemplateEngineTwig\",\"title\":\"Template Engine Twig\",\"version\":301,\"requiresVersions\":{\"TemplateEngineFactory\":[\">=\",\"2.0.0\"],\"PHP\":[\">=\",\"7.0\"],\"ProcessWire\":[\">=\",\"3.0\"]},\"autoload\":true,\"singular\":true,\"created\":1723922098,\"configurable\":true},\"256\":{\"name\":\"AutocompleteModuleClassName\",\"title\":\"Autocomplete Module Class Name\",\"version\":\"0.1.6\",\"icon\":\"angle-double-right\",\"requiresVersions\":{\"ProcessWire\":[\">=\",\"3.0.16\"]},\"autoload\":\"template=admin\",\"created\":1723921543,\"configurable\":4},\"333\":{\"name\":\"TextformatterMarkdownExtra\",\"title\":\"Markdown\\/Parsedown Extra\",\"version\":180,\"singular\":true,\"configurable\":4}}', '2024-08-17 21:04:34');
INSERT INTO `modules` (`id`, `class`, `flags`, `data`, `created`) VALUES('162', '.ModulesVerbose.info', '8192', '{\"40\":{\"summary\":\"Hidden value in a form\",\"core\":true,\"versionStr\":\"1.0.1\"},\"56\":{\"summary\":\"One or more image uploads (sortable)\",\"core\":true,\"versionStr\":\"1.2.9\"},\"43\":{\"summary\":\"Select multiple items from a list\",\"core\":true,\"versionStr\":\"1.0.1\"},\"60\":{\"summary\":\"Select one or more pages\",\"core\":true,\"versionStr\":\"1.0.9\"},\"80\":{\"summary\":\"E-Mail address in valid format\",\"core\":true,\"versionStr\":\"1.0.2\"},\"155\":{\"summary\":\"TinyMCE rich text editor version 6.8.2.\",\"core\":true,\"versionStr\":\"6.1.8\"},\"205\":{\"summary\":\"Select an icon\",\"core\":true,\"versionStr\":\"0.0.3\"},\"122\":{\"summary\":\"Password input with confirmation field that doesn&#039;t ever echo the input back.\",\"core\":true,\"versionStr\":\"1.0.2\"},\"85\":{\"summary\":\"Integer (positive or negative)\",\"core\":true,\"versionStr\":\"1.0.5\"},\"35\":{\"summary\":\"Multiple lines of text\",\"core\":true,\"versionStr\":\"1.0.3\"},\"36\":{\"summary\":\"Selection of a single value from a select pulldown\",\"core\":true,\"versionStr\":\"1.0.3\"},\"30\":{\"summary\":\"Contains one or more fields in a form\",\"core\":true,\"versionStr\":\"1.0.7\"},\"137\":{\"summary\":\"Selection of multiple pages from a ProcessWire page tree list\",\"core\":true,\"versionStr\":\"1.0.3\"},\"15\":{\"summary\":\"Selection of a single page from a ProcessWire page tree list\",\"core\":true,\"versionStr\":\"1.0.1\"},\"25\":{\"summary\":\"Multiple selection, progressive enhancement to select multiple\",\"core\":true,\"versionStr\":\"2.0.3\"},\"149\":{\"summary\":\"Build a page finding selector visually.\",\"author\":\"Avoine + ProcessWire\",\"core\":true,\"versionStr\":\"0.2.8\"},\"32\":{\"summary\":\"Form submit button\",\"core\":true,\"versionStr\":\"1.0.3\"},\"41\":{\"summary\":\"Text input validated as a ProcessWire name field\",\"core\":true,\"versionStr\":\"1.0.0\"},\"79\":{\"summary\":\"Contains any other markup and optionally child Inputfields\",\"core\":true,\"versionStr\":\"1.0.2\"},\"295\":{\"summary\":\"Enables input of user entered tags or selection of predefined tags.\",\"core\":true,\"versionStr\":\"0.0.7\"},\"38\":{\"summary\":\"Multiple checkbox toggles\",\"core\":true,\"versionStr\":\"1.0.8\"},\"112\":{\"summary\":\"Handles input of Page Title and auto-generation of Page Name (when name is blank)\",\"core\":true,\"versionStr\":\"1.0.2\"},\"78\":{\"summary\":\"Groups one or more fields together in a container\",\"core\":true,\"versionStr\":\"1.0.1\"},\"108\":{\"summary\":\"URL in valid format\",\"core\":true,\"versionStr\":\"1.0.3\"},\"94\":{\"summary\":\"Inputfield that accepts date and optionally time\",\"core\":true,\"versionStr\":\"1.0.8\"},\"131\":{\"summary\":\"Form button element that you can optionally pass an href attribute to.\",\"core\":true,\"versionStr\":\"1.0.0\"},\"86\":{\"summary\":\"Text input validated as a ProcessWire Page name field\",\"core\":true,\"versionStr\":\"1.0.6\"},\"39\":{\"summary\":\"Radio buttons for selection of a single item\",\"core\":true,\"versionStr\":\"1.0.6\"},\"90\":{\"summary\":\"Floating point number with precision\",\"core\":true,\"versionStr\":\"1.0.5\"},\"37\":{\"summary\":\"Single checkbox toggle\",\"core\":true,\"versionStr\":\"1.0.6\"},\"34\":{\"summary\":\"Single line of text\",\"core\":true,\"versionStr\":\"1.0.6\"},\"55\":{\"summary\":\"One or more file uploads (sortable)\",\"core\":true,\"versionStr\":\"1.2.9\"},\"187\":{\"summary\":\"Uikit v3 admin theme\",\"core\":true,\"versionStr\":\"0.3.4\"},\"148\":{\"summary\":\"Minimal admin theme that supports all ProcessWire features.\",\"core\":true,\"versionStr\":\"0.1.4\"},\"61\":{\"summary\":\"Entity encode ampersands, quotes (single and double) and greater-than\\/less-than signs using htmlspecialchars(str, ENT_QUOTES). It is recommended that you use this on all text\\/textarea fields except those using a rich text editor or a markup language like Markdown.\",\"core\":true,\"versionStr\":\"1.0.0\"},\"125\":{\"summary\":\"Throttles login attempts to help prevent dictionary attacks.\",\"core\":true,\"versionStr\":\"1.0.3\"},\"67\":{\"summary\":\"Generates markup for data tables used by ProcessWire admin\",\"core\":true,\"versionStr\":\"1.0.7\"},\"156\":{\"summary\":\"Front-end to the HTML Purifier library.\",\"core\":true,\"versionStr\":\"4.9.7\"},\"98\":{\"summary\":\"Generates markup for pagination navigation\",\"core\":true,\"versionStr\":\"1.0.5\"},\"113\":{\"summary\":\"Adds renderPager() method to all PaginatedArray types, for easy pagination output. Plus a render() method to PageArray instances.\",\"core\":true,\"versionStr\":\"1.0.0\"},\"139\":{\"summary\":\"Manages system versions and upgrades.\",\"core\":true,\"versionStr\":\"0.2.0\"},\"28\":{\"summary\":\"Field that stores a date and optionally time\",\"core\":true,\"versionStr\":\"1.0.5\"},\"4\":{\"summary\":\"Field that stores one or more references to ProcessWire pages\",\"core\":true,\"versionStr\":\"1.0.7\"},\"107\":{\"summary\":\"Open a fieldset to group fields. Same as Fieldset (Open) except that it displays in a tab instead.\",\"core\":true,\"versionStr\":\"1.0.0\"},\"135\":{\"summary\":\"Field that stores a URL\",\"core\":true,\"versionStr\":\"1.0.1\"},\"106\":{\"summary\":\"Close a fieldset opened by FieldsetOpen. \",\"core\":true,\"versionStr\":\"1.0.0\"},\"1\":{\"summary\":\"Field that stores multiple lines of text\",\"core\":true,\"versionStr\":\"1.0.7\"},\"133\":{\"summary\":\"Field that stores a hashed and salted password\",\"core\":true,\"versionStr\":\"1.0.1\"},\"27\":{\"summary\":\"Field that stores a reference to another module\",\"core\":true,\"versionStr\":\"1.0.2\"},\"97\":{\"summary\":\"This Fieldtype stores an ON\\/OFF toggle via a single checkbox. The ON value is 1 and OFF value is 0.\",\"core\":true,\"versionStr\":\"1.0.1\"},\"57\":{\"summary\":\"Field that stores one or more GIF, JPG, or PNG images\",\"core\":true,\"versionStr\":\"1.0.2\"},\"3\":{\"summary\":\"Field that stores a single line of text\",\"core\":true,\"versionStr\":\"1.0.2\"},\"29\":{\"summary\":\"Field that stores an e-mail address\",\"core\":true,\"versionStr\":\"1.0.1\"},\"111\":{\"summary\":\"Field that stores a page title\",\"core\":true,\"versionStr\":\"1.0.0\"},\"84\":{\"summary\":\"Field that stores an integer\",\"core\":true,\"versionStr\":\"1.0.2\"},\"89\":{\"summary\":\"Field that stores a floating point number\",\"core\":true,\"versionStr\":\"1.0.8\"},\"6\":{\"summary\":\"Field that stores one or more files\",\"core\":true,\"versionStr\":\"1.0.7\"},\"105\":{\"summary\":\"Open a fieldset to group fields. Should be followed by a Fieldset (Close) after one or more fields.\",\"core\":true,\"versionStr\":\"1.0.1\"},\"151\":{\"summary\":\"Provides lightbox capability for image galleries. Replacement for FancyBox. Uses Magnific Popup by @dimsemenov.\",\"href\":\"https:\\/\\/github.com\\/dimsemenov\\/Magnific-Popup\\/\",\"core\":true,\"versionStr\":\"1.1.0\"},\"45\":{\"summary\":\"Provides a jQuery plugin for generating tabs in ProcessWire.\",\"core\":true,\"versionStr\":\"1.1.0\"},\"116\":{\"summary\":\"jQuery Core as required by ProcessWire Admin and plugins\",\"href\":\"https:\\/\\/jquery.com\",\"core\":true,\"versionStr\":\"1.12.4\"},\"117\":{\"summary\":\"jQuery UI as required by ProcessWire and plugins\",\"href\":\"https:\\/\\/ui.jquery.com\",\"core\":true,\"versionStr\":\"1.10.4\"},\"103\":{\"summary\":\"Provides a jQuery plugin for sorting tables.\",\"href\":\"https:\\/\\/mottie.github.io\\/tablesorter\\/\",\"core\":true,\"versionStr\":\"2.31.3\"},\"114\":{\"summary\":\"Adds various permission methods to Page objects that are used by Process modules.\",\"core\":true,\"versionStr\":\"1.0.5\"},\"115\":{\"summary\":\"Adds a render method to Page and caches page output.\",\"core\":true,\"versionStr\":\"1.0.5\"},\"129\":{\"summary\":\"Provides image manipulation functions for image fields and rich text editors.\",\"core\":true,\"versionStr\":\"1.2.1\"},\"134\":{\"summary\":\"List, Edit and Add pages of a specific type\",\"core\":true,\"versionStr\":\"1.0.1\"},\"136\":{\"summary\":\"Manage system permissions\",\"core\":true,\"versionStr\":\"1.0.1\"},\"87\":{\"summary\":\"Acts as a placeholder Process for the admin root. Ensures proper flow control after login.\",\"core\":true,\"versionStr\":\"1.0.1\"},\"50\":{\"summary\":\"List, edit or install\\/uninstall modules\",\"core\":true,\"versionStr\":\"1.2.1\"},\"138\":{\"summary\":\"Enables user to change their password, email address and other settings that you define.\",\"core\":true,\"versionStr\":\"1.0.5\"},\"68\":{\"summary\":\"Manage user roles and what permissions are attached\",\"core\":true,\"versionStr\":\"1.0.4\"},\"83\":{\"summary\":\"All page views are routed through this Process\",\"core\":true,\"versionStr\":\"1.0.6\"},\"17\":{\"summary\":\"Add a new page\",\"core\":true,\"versionStr\":\"1.0.9\"},\"14\":{\"summary\":\"Handles page sorting and moving for PageList\",\"core\":true,\"versionStr\":\"1.0.1\"},\"47\":{\"summary\":\"List and edit the templates that control page output\",\"core\":true,\"versionStr\":\"1.1.4\",\"searchable\":\"templates\"},\"104\":{\"summary\":\"Provides a page search engine for admin use.\",\"core\":true,\"versionStr\":\"1.0.8\"},\"48\":{\"summary\":\"Edit individual fields that hold page data\",\"core\":true,\"versionStr\":\"1.1.4\",\"searchable\":\"fields\"},\"7\":{\"summary\":\"Edit a Page\",\"core\":true,\"versionStr\":\"1.1.2\"},\"121\":{\"summary\":\"Provides a link capability as used by some Fieldtype modules (like rich text editors).\",\"core\":true,\"versionStr\":\"1.1.2\"},\"109\":{\"summary\":\"Handles emptying of Page trash\",\"core\":true,\"versionStr\":\"1.0.3\"},\"66\":{\"summary\":\"Manage system users\",\"core\":true,\"versionStr\":\"1.0.7\",\"searchable\":\"users\"},\"76\":{\"summary\":\"Lists the Process assigned to each child page of the current\",\"core\":true,\"versionStr\":\"1.0.1\"},\"175\":{\"summary\":\"Shows a list of recently edited pages in your admin.\",\"author\":\"Ryan Cramer\",\"href\":\"http:\\/\\/modules.processwire.com\\/\",\"core\":true,\"versionStr\":\"0.0.2\",\"permissions\":{\"page-edit-recent\":\"Can see recently edited pages\"},\"page\":{\"name\":\"recent-pages\",\"parent\":\"page\",\"title\":\"Recent\"}},\"12\":{\"summary\":\"List pages in a hierarchical tree structure\",\"core\":true,\"versionStr\":\"1.2.4\"},\"10\":{\"summary\":\"Login to ProcessWire\",\"core\":true,\"versionStr\":\"1.0.9\"},\"200\":{\"summary\":\"View and manage system logs.\",\"author\":\"Ryan Cramer\",\"core\":true,\"versionStr\":\"0.0.2\",\"permissions\":{\"logs-view\":\"Can view system logs\",\"logs-edit\":\"Can manage system logs\"},\"page\":{\"name\":\"logs\",\"parent\":\"setup\",\"title\":\"Logs\"}},\"150\":{\"summary\":\"Admin tool for finding and listing pages by any property.\",\"author\":\"Ryan Cramer\",\"core\":true,\"versionStr\":\"0.2.6\",\"permissions\":{\"page-lister\":\"Use Page Lister\"}},\"290\":{\"summary\":\"Create and\\/or restore database backups from ProcessWire admin.\",\"author\":\"Ryan Cramer\",\"versionStr\":\"0.0.6\",\"permissions\":{\"db-backup\":\"Manage database backups (recommended for superuser only)\"},\"page\":{\"name\":\"db-backups\",\"parent\":\"setup\",\"title\":\"DB Backups\"}},\"273\":{\"summary\":\"Import CSV files to create ProcessWire pages.\",\"author\":\"Ryan Cramer\",\"versionStr\":\"1.0.8\",\"page\":{\"name\":\"import-pages-csv\",\"parent\":\"setup\",\"title\":\"Import Pages CSV\"}},\"328\":{\"summary\":\"Module for easy frontend development\",\"versionStr\":\"3.19.0\"},\"306\":{\"summary\":\"Provides ProcessWire integration for various template engines such as Twig.\",\"author\":\"Stefan Wanzenried\",\"href\":\"https:\\/\\/processwire.com\\/talk\\/topic\\/6833-module-templateenginefactory\\/\",\"versionStr\":\"2.1.0\"},\"311\":{\"summary\":\"Twig templates for the TemplateEngineFactory\",\"author\":\"Stefan Wanzenried\",\"href\":\"https:\\/\\/processwire.com\\/talk\\/topic\\/6835-module-twig-for-the-templateenginefactory\\/\",\"versionStr\":\"3.0.1\"},\"256\":{\"summary\":\"Provides autocomplete suggestions for the \\\"Add Module From Directory\\\" field.\",\"author\":\"Robin Sallis\",\"href\":\"https:\\/\\/github.com\\/Toutouwai\\/AutocompleteModuleClassName\",\"versionStr\":\"0.1.6\"},\"333\":{\"summary\":\"Markdown\\/Parsedown extra lightweight markup language by Emanuil Rusev. Based on Markdown by John Gruber.\",\"core\":true,\"versionStr\":\"1.8.0\"}}', '2024-08-17 21:04:34');
INSERT INTO `modules` (`id`, `class`, `flags`, `data`, `created`) VALUES('163', '.ModulesUninstalled.info', '8192', '{\"InputfieldPageTable\":{\"name\":\"InputfieldPageTable\",\"title\":\"ProFields: Page Table\",\"version\":14,\"versionStr\":\"0.1.4\",\"summary\":\"Inputfield to accompany FieldtypePageTable\",\"requiresVersions\":{\"FieldtypePageTable\":[\">=\",0]},\"created\":1723821743,\"installed\":false,\"core\":true},\"InputfieldIcon\":{\"name\":\"InputfieldIcon\",\"title\":\"Icon\",\"version\":3,\"versionStr\":\"0.0.3\",\"summary\":\"Select an icon\",\"created\":1723821743,\"installed\":false,\"core\":true},\"InputfieldPageAutocomplete\":{\"name\":\"InputfieldPageAutocomplete\",\"title\":\"Page Auto Complete\",\"version\":113,\"versionStr\":\"1.1.3\",\"summary\":\"Multiple Page selection using auto completion and sorting capability. Intended for use as an input field for Page reference fields.\",\"created\":1723821743,\"installed\":false,\"core\":true},\"InputfieldToggle\":{\"name\":\"InputfieldToggle\",\"title\":\"Toggle\",\"version\":1,\"versionStr\":\"0.0.1\",\"summary\":\"A toggle providing similar input capability to a checkbox but much more configurable.\",\"created\":1723821743,\"installed\":false,\"core\":true},\"InputfieldTextTags\":{\"name\":\"InputfieldTextTags\",\"title\":\"Text Tags\",\"version\":7,\"versionStr\":\"0.0.7\",\"summary\":\"Enables input of user entered tags or selection of predefined tags.\",\"icon\":\"tags\",\"created\":1723821743,\"installed\":false,\"core\":true},\"InputfieldCKEditor\":{\"name\":\"InputfieldCKEditor\",\"title\":\"CKEditor\",\"version\":172,\"versionStr\":\"1.7.2\",\"summary\":\"CKEditor textarea rich text editor.\",\"installs\":[\"MarkupHTMLPurifier\"],\"created\":1723821743,\"installed\":false,\"core\":true},\"LazyCron\":{\"name\":\"LazyCron\",\"title\":\"Lazy Cron\",\"version\":104,\"versionStr\":\"1.0.4\",\"summary\":\"Provides hooks that are automatically executed at various intervals. It is called \'lazy\' because it\'s triggered by a pageview, so the interval is guaranteed to be at least the time requested, rather than exactly the time requested. This is fine for most cases, but you can make it not lazy by connecting this to a real CRON job. See the module file for details. \",\"href\":\"https:\\/\\/processwire.com\\/api\\/modules\\/lazy-cron\\/\",\"autoload\":true,\"singular\":true,\"created\":1723821743,\"installed\":false,\"core\":true},\"AdminThemeReno\":{\"name\":\"AdminThemeReno\",\"title\":\"Reno\",\"version\":17,\"versionStr\":\"0.1.7\",\"author\":\"Tom Reno (Renobird)\",\"summary\":\"Admin theme for ProcessWire 2.5+ by Tom Reno (Renobird)\",\"requiresVersions\":{\"AdminThemeDefault\":[\">=\",0]},\"autoload\":\"template=admin\",\"created\":1723821743,\"installed\":false,\"configurable\":3,\"core\":true},\"AdminThemeUikit\":{\"name\":\"AdminThemeUikit\",\"title\":\"Uikit\",\"version\":34,\"versionStr\":\"0.3.4\",\"summary\":\"Uikit v3 admin theme\",\"autoload\":\"template=admin\",\"created\":1723821743,\"installed\":false,\"configurable\":4,\"core\":true},\"PagePathHistory\":{\"name\":\"PagePathHistory\",\"title\":\"Page Path History\",\"version\":8,\"versionStr\":\"0.0.8\",\"summary\":\"Keeps track of past URLs where pages have lived and automatically redirects (301 permanent) to the new location whenever the past URL is accessed.\",\"autoload\":true,\"singular\":true,\"created\":1723821743,\"installed\":false,\"configurable\":4,\"core\":true},\"ImageSizerEngineAnimatedGif\":{\"name\":\"ImageSizerEngineAnimatedGif\",\"title\":\"Animated GIF Image Sizer\",\"version\":1,\"versionStr\":\"0.0.1\",\"author\":\"Horst Nogajski\",\"summary\":\"Upgrades image manipulations for animated GIFs.\",\"created\":1723821743,\"installed\":false,\"configurable\":4,\"core\":true},\"ImageSizerEngineIMagick\":{\"name\":\"ImageSizerEngineIMagick\",\"title\":\"IMagick Image Sizer\",\"version\":3,\"versionStr\":\"0.0.3\",\"author\":\"Horst Nogajski\",\"summary\":\"Upgrades image manipulations to use PHP\'s ImageMagick library when possible.\",\"created\":1723821743,\"installed\":false,\"configurable\":4,\"core\":true},\"TextformatterMarkdownExtra\":{\"name\":\"TextformatterMarkdownExtra\",\"title\":\"Markdown\\/Parsedown Extra\",\"version\":180,\"versionStr\":\"1.8.0\",\"summary\":\"Markdown\\/Parsedown extra lightweight markup language by Emanuil Rusev. Based on Markdown by John Gruber.\",\"created\":1723821743,\"installed\":false,\"configurable\":4,\"core\":true},\"TextformatterNewlineUL\":{\"name\":\"TextformatterNewlineUL\",\"title\":\"Newlines to Unordered List\",\"version\":100,\"versionStr\":\"1.0.0\",\"summary\":\"Converts newlines to <li> list items and surrounds in an <ul> unordered list. \",\"created\":1723821743,\"installed\":false,\"core\":true},\"TextformatterSmartypants\":{\"name\":\"TextformatterSmartypants\",\"title\":\"SmartyPants Typographer\",\"version\":171,\"versionStr\":\"1.7.1\",\"summary\":\"Smart typography for web sites, by Michel Fortin based on SmartyPants by John Gruber. If combined with Markdown, it should be applied AFTER Markdown.\",\"created\":1723821743,\"installed\":false,\"configurable\":4,\"core\":true,\"url\":\"https:\\/\\/github.com\\/michelf\\/php-smartypants\"},\"TextformatterStripTags\":{\"name\":\"TextformatterStripTags\",\"title\":\"Strip Markup Tags\",\"version\":100,\"versionStr\":\"1.0.0\",\"summary\":\"Strips HTML\\/XHTML Markup Tags\",\"created\":1723821743,\"installed\":false,\"configurable\":3,\"core\":true},\"TextformatterPstripper\":{\"name\":\"TextformatterPstripper\",\"title\":\"Paragraph Stripper\",\"version\":100,\"versionStr\":\"1.0.0\",\"summary\":\"Strips paragraph <p> tags that may have been applied by other text formatters before it. \",\"created\":1723821743,\"installed\":false,\"core\":true},\"TextformatterNewlineBR\":{\"name\":\"TextformatterNewlineBR\",\"title\":\"Newlines to XHTML Line Breaks\",\"version\":100,\"versionStr\":\"1.0.0\",\"summary\":\"Converts newlines to XHTML line break <br \\/> tags. \",\"created\":1723821743,\"installed\":false,\"core\":true},\"PagesVersions\":{\"name\":\"PagesVersions\",\"title\":\"Pages Versions\",\"version\":2,\"versionStr\":\"0.0.2\",\"author\":\"Ryan Cramer\",\"summary\":\"Provides a version control API for pages in ProcessWire.\",\"icon\":\"code-fork\",\"autoload\":true,\"singular\":true,\"created\":1723821743,\"installed\":false,\"core\":true},\"ProcessSessionDB\":{\"name\":\"ProcessSessionDB\",\"title\":\"Sessions\",\"version\":5,\"versionStr\":\"0.0.5\",\"summary\":\"Enables you to browse active database sessions.\",\"icon\":\"dashboard\",\"requiresVersions\":{\"SessionHandlerDB\":[\">=\",0]},\"created\":1723821743,\"installed\":false,\"core\":true,\"page\":{\"name\":\"sessions-db\",\"parent\":\"access\",\"title\":\"Sessions\"}},\"SessionHandlerDB\":{\"name\":\"SessionHandlerDB\",\"title\":\"Session Handler Database\",\"version\":6,\"versionStr\":\"0.0.6\",\"summary\":\"Installing this module makes ProcessWire store sessions in the database rather than the file system. Note that this module will log you out after install or uninstall.\",\"installs\":[\"ProcessSessionDB\"],\"created\":1723821743,\"installed\":false,\"configurable\":3,\"core\":true},\"MarkupRSS\":{\"name\":\"MarkupRSS\",\"title\":\"Markup RSS Feed\",\"version\":105,\"versionStr\":\"1.0.5\",\"summary\":\"Renders an RSS feed. Given a PageArray, renders an RSS feed of them.\",\"icon\":\"rss-square\",\"created\":1723821743,\"installed\":false,\"configurable\":3,\"core\":true},\"MarkupCache\":{\"name\":\"MarkupCache\",\"title\":\"Markup Cache\",\"version\":101,\"versionStr\":\"1.0.1\",\"summary\":\"A simple way to cache segments of markup in your templates. \",\"href\":\"https:\\/\\/processwire.com\\/api\\/modules\\/markupcache\\/\",\"autoload\":true,\"singular\":true,\"created\":1723821743,\"installed\":false,\"configurable\":3,\"core\":true},\"MarkupPageFields\":{\"name\":\"MarkupPageFields\",\"title\":\"Markup Page Fields\",\"version\":100,\"versionStr\":\"1.0.0\",\"summary\":\"Adds $page->renderFields() and $page->images->render() methods that return basic markup for output during development and debugging.\",\"autoload\":true,\"singular\":true,\"created\":1723821743,\"installed\":false,\"core\":true,\"permanent\":true},\"SystemNotifications\":{\"name\":\"SystemNotifications\",\"title\":\"System Notifications\",\"version\":12,\"versionStr\":\"0.1.2\",\"summary\":\"Adds support for notifications in ProcessWire (currently in development)\",\"icon\":\"bell\",\"installs\":[\"FieldtypeNotifications\"],\"autoload\":true,\"created\":1723821743,\"installed\":false,\"configurable\":\"SystemNotificationsConfig.php\",\"core\":true},\"FieldtypeNotifications\":{\"name\":\"FieldtypeNotifications\",\"title\":\"Notifications\",\"version\":4,\"versionStr\":\"0.0.4\",\"summary\":\"Field that stores user notifications.\",\"requiresVersions\":{\"SystemNotifications\":[\">=\",0]},\"created\":1723821743,\"installed\":false,\"core\":true},\"PageFrontEdit\":{\"name\":\"PageFrontEdit\",\"title\":\"Front-End Page Editor\",\"version\":6,\"versionStr\":\"0.0.6\",\"author\":\"Ryan Cramer\",\"summary\":\"Enables front-end editing of page fields.\",\"icon\":\"cube\",\"permissions\":{\"page-edit-front\":\"Use the front-end page editor\"},\"autoload\":true,\"created\":1723821743,\"installed\":false,\"configurable\":\"PageFrontEditConfig.php\",\"core\":true,\"license\":\"MPL 2.0\"},\"FieldtypeSelector\":{\"name\":\"FieldtypeSelector\",\"title\":\"Selector\",\"version\":13,\"versionStr\":\"0.1.3\",\"author\":\"Avoine + ProcessWire\",\"summary\":\"Build a page finding selector visually.\",\"created\":1723821743,\"installed\":false,\"core\":true},\"CommentFilterAkismet\":{\"name\":\"CommentFilterAkismet\",\"title\":\"Comment Filter: Akismet\",\"version\":200,\"versionStr\":\"2.0.0\",\"summary\":\"Uses the Akismet service to identify comment spam. Module plugin for the Comments Fieldtype.\",\"requiresVersions\":{\"FieldtypeComments\":[\">=\",0]},\"created\":1723821743,\"installed\":false,\"configurable\":3,\"core\":true},\"FieldtypeComments\":{\"name\":\"FieldtypeComments\",\"title\":\"Comments\",\"version\":110,\"versionStr\":\"1.1.0\",\"summary\":\"Field that stores user posted comments for a single Page\",\"installs\":[\"InputfieldCommentsAdmin\"],\"created\":1723821743,\"installed\":false,\"core\":true},\"InputfieldCommentsAdmin\":{\"name\":\"InputfieldCommentsAdmin\",\"title\":\"Comments Admin\",\"version\":104,\"versionStr\":\"1.0.4\",\"summary\":\"Provides an administrative interface for working with comments\",\"requiresVersions\":{\"FieldtypeComments\":[\">=\",0]},\"created\":1723821743,\"installed\":false,\"core\":true},\"FieldtypeCache\":{\"name\":\"FieldtypeCache\",\"title\":\"Cache\",\"version\":102,\"versionStr\":\"1.0.2\",\"summary\":\"Caches the values of other fields for fewer runtime queries. Can also be used to combine multiple text fields and have them all be searchable under the cached field name.\",\"created\":1723821743,\"installed\":false,\"core\":true},\"FieldtypeOptions\":{\"name\":\"FieldtypeOptions\",\"title\":\"Select Options\",\"version\":2,\"versionStr\":\"0.0.2\",\"summary\":\"Field that stores single and multi select options.\",\"created\":1723821743,\"installed\":false,\"core\":true},\"FieldtypePageTable\":{\"name\":\"FieldtypePageTable\",\"title\":\"ProFields: Page Table\",\"version\":8,\"versionStr\":\"0.0.8\",\"summary\":\"A fieldtype containing a group of editable pages.\",\"installs\":[\"InputfieldPageTable\"],\"autoload\":true,\"created\":1723821743,\"installed\":false,\"core\":true},\"FieldtypeToggle\":{\"name\":\"FieldtypeToggle\",\"title\":\"Toggle (Yes\\/No)\",\"version\":1,\"versionStr\":\"0.0.1\",\"summary\":\"Configurable yes\\/no, on\\/off toggle alternative to a checkbox, plus optional \\u201cother\\u201d option.\",\"requiresVersions\":{\"InputfieldToggle\":[\">=\",0]},\"created\":1723821743,\"installed\":false,\"core\":true},\"FieldtypeFieldsetPage\":{\"name\":\"FieldtypeFieldsetPage\",\"title\":\"Fieldset (Page)\",\"version\":1,\"versionStr\":\"0.0.1\",\"summary\":\"Fieldset with fields isolated to separate namespace (page), enabling re-use of fields.\",\"requiresVersions\":{\"FieldtypeRepeater\":[\">=\",0]},\"autoload\":true,\"created\":1723821743,\"installed\":false,\"configurable\":3,\"core\":true},\"FieldtypeRepeater\":{\"name\":\"FieldtypeRepeater\",\"title\":\"Repeater\",\"version\":113,\"versionStr\":\"1.1.3\",\"summary\":\"Maintains a collection of fields that are repeated for any number of times.\",\"installs\":[\"InputfieldRepeater\"],\"autoload\":true,\"created\":1723821743,\"installed\":false,\"configurable\":3,\"core\":true},\"InputfieldRepeater\":{\"name\":\"InputfieldRepeater\",\"title\":\"Repeater\",\"version\":111,\"versionStr\":\"1.1.1\",\"summary\":\"Repeats fields from another template. Provides the input for FieldtypeRepeater.\",\"requiresVersions\":{\"FieldtypeRepeater\":[\">=\",0]},\"created\":1723821743,\"installed\":false,\"core\":true},\"FieldtypeDecimal\":{\"name\":\"FieldtypeDecimal\",\"title\":\"Decimal\",\"version\":1,\"versionStr\":\"0.0.1\",\"summary\":\"Field that stores a decimal number\",\"created\":1723821743,\"installed\":false,\"core\":true},\"PagePaths\":{\"name\":\"PagePaths\",\"title\":\"Page Paths\",\"version\":4,\"versionStr\":\"0.0.4\",\"summary\":\"Enables page paths\\/urls to be queryable by selectors. Also offers potential for improved load performance. Builds an index at install (may take time on a large site).\",\"autoload\":true,\"singular\":true,\"created\":1723821743,\"installed\":false,\"configurable\":4,\"core\":true},\"LanguageSupportFields\":{\"name\":\"LanguageSupportFields\",\"title\":\"Languages Support - Fields\",\"version\":101,\"versionStr\":\"1.0.1\",\"author\":\"Ryan Cramer\",\"summary\":\"Required to use multi-language fields.\",\"requiresVersions\":{\"LanguageSupport\":[\">=\",0]},\"installs\":[\"FieldtypePageTitleLanguage\",\"FieldtypeTextareaLanguage\",\"FieldtypeTextLanguage\"],\"autoload\":true,\"singular\":true,\"created\":1723821743,\"installed\":false,\"core\":true},\"FieldtypeTextareaLanguage\":{\"name\":\"FieldtypeTextareaLanguage\",\"title\":\"Textarea (Multi-language)\",\"version\":100,\"versionStr\":\"1.0.0\",\"summary\":\"Field that stores a multiple lines of text in multiple languages\",\"requiresVersions\":{\"LanguageSupportFields\":[\">=\",0]},\"created\":1723821743,\"installed\":false,\"core\":true},\"FieldtypeTextLanguage\":{\"name\":\"FieldtypeTextLanguage\",\"title\":\"Text (Multi-language)\",\"version\":100,\"versionStr\":\"1.0.0\",\"summary\":\"Field that stores a single line of text in multiple languages\",\"requiresVersions\":{\"LanguageSupportFields\":[\">=\",0]},\"created\":1723821743,\"installed\":false,\"core\":true},\"LanguageTabs\":{\"name\":\"LanguageTabs\",\"title\":\"Languages Support - Tabs\",\"version\":117,\"versionStr\":\"1.1.7\",\"author\":\"adamspruijt, ryan, flipzoom\",\"summary\":\"Organizes multi-language fields into tabs for a cleaner easier to use interface.\",\"requiresVersions\":{\"LanguageSupport\":[\">=\",0]},\"autoload\":\"template=admin\",\"singular\":true,\"created\":1723821743,\"installed\":false,\"configurable\":4,\"core\":true},\"ProcessLanguageTranslator\":{\"name\":\"ProcessLanguageTranslator\",\"title\":\"Language Translator\",\"version\":103,\"versionStr\":\"1.0.3\",\"author\":\"Ryan Cramer\",\"summary\":\"Provides language translation capabilities for ProcessWire core and modules.\",\"requiresVersions\":{\"LanguageSupport\":[\">=\",0]},\"permission\":\"lang-edit\",\"created\":1723821743,\"installed\":false,\"configurable\":4,\"core\":true},\"FieldtypePageTitleLanguage\":{\"name\":\"FieldtypePageTitleLanguage\",\"title\":\"Page Title (Multi-Language)\",\"version\":100,\"versionStr\":\"1.0.0\",\"author\":\"Ryan Cramer\",\"summary\":\"Field that stores a page title in multiple languages. Use this only if you want title inputs created for ALL languages on ALL pages. Otherwise create separate languaged-named title fields, i.e. title_fr, title_es, title_fi, etc. \",\"requiresVersions\":{\"LanguageSupportFields\":[\">=\",0],\"FieldtypeTextLanguage\":[\">=\",0]},\"created\":1723821743,\"installed\":false,\"core\":true},\"LanguageSupport\":{\"name\":\"LanguageSupport\",\"title\":\"Languages Support\",\"version\":104,\"versionStr\":\"1.0.4\",\"author\":\"Ryan Cramer\",\"summary\":\"ProcessWire multi-language support.\",\"installs\":[\"ProcessLanguage\",\"ProcessLanguageTranslator\"],\"autoload\":true,\"singular\":true,\"created\":1723821743,\"installed\":false,\"configurable\":3,\"core\":true,\"addFlag\":32},\"ProcessLanguage\":{\"name\":\"ProcessLanguage\",\"title\":\"Languages\",\"version\":103,\"versionStr\":\"1.0.3\",\"author\":\"Ryan Cramer\",\"summary\":\"Manage system languages\",\"icon\":\"language\",\"requiresVersions\":{\"LanguageSupport\":[\">=\",0]},\"permission\":\"lang-edit\",\"permissions\":{\"lang-edit\":\"Administer languages and static translation files\"},\"created\":1723821743,\"installed\":false,\"configurable\":3,\"core\":true,\"useNavJSON\":true},\"LanguageSupportPageNames\":{\"name\":\"LanguageSupportPageNames\",\"title\":\"Languages Support - Page Names\",\"version\":14,\"versionStr\":\"0.1.4\",\"author\":\"Ryan Cramer\",\"summary\":\"Required to use multi-language page names.\",\"requiresVersions\":{\"LanguageSupport\":[\">=\",0],\"LanguageSupportFields\":[\">=\",0]},\"autoload\":true,\"singular\":true,\"created\":1723821743,\"installed\":false,\"configurable\":4,\"core\":true},\"FileCompilerTags\":{\"name\":\"FileCompilerTags\",\"title\":\"Tags File Compiler\",\"version\":1,\"versionStr\":\"0.0.1\",\"summary\":\"Enables {var} or {var.property} variables in markup sections of a file. Can be used with any API variable.\",\"created\":1723821743,\"installed\":false,\"configurable\":4,\"core\":true},\"ProcessPagesExportImport\":{\"name\":\"ProcessPagesExportImport\",\"title\":\"Pages Export\\/Import\",\"version\":1,\"versionStr\":\"0.0.1\",\"author\":\"Ryan Cramer\",\"summary\":\"Enables exporting and importing of pages. Development version, not yet recommended for production use.\",\"icon\":\"paper-plane-o\",\"permission\":\"page-edit-export\",\"created\":1723821743,\"installed\":false,\"core\":true,\"page\":{\"name\":\"export-import\",\"parent\":\"page\",\"title\":\"Export\\/Import\"}},\"ProcessCommentsManager\":{\"name\":\"ProcessCommentsManager\",\"title\":\"Comments\",\"version\":12,\"versionStr\":\"0.1.2\",\"author\":\"Ryan Cramer\",\"summary\":\"Manage comments in your site outside of the page editor.\",\"icon\":\"comments\",\"requiresVersions\":{\"FieldtypeComments\":[\">=\",0]},\"permission\":\"comments-manager\",\"permissions\":{\"comments-manager\":\"Use the comments manager\"},\"created\":1723821743,\"installed\":false,\"searchable\":\"comments\",\"core\":true,\"page\":{\"name\":\"comments\",\"parent\":\"setup\",\"title\":\"Comments\"},\"nav\":[{\"url\":\"?go=approved\",\"label\":\"Approved\"},{\"url\":\"?go=pending\",\"label\":\"Pending\"},{\"url\":\"?go=spam\",\"label\":\"Spam\"},{\"url\":\"?go=all\",\"label\":\"All\"}]},\"ProcessRecentPages\":{\"name\":\"ProcessRecentPages\",\"title\":\"Recent Pages\",\"version\":2,\"versionStr\":\"0.0.2\",\"author\":\"Ryan Cramer\",\"summary\":\"Shows a list of recently edited pages in your admin.\",\"href\":\"http:\\/\\/modules.processwire.com\\/\",\"icon\":\"clock-o\",\"permission\":\"page-edit-recent\",\"permissions\":{\"page-edit-recent\":\"Can see recently edited pages\"},\"created\":1723821743,\"installed\":false,\"core\":true,\"page\":{\"name\":\"recent-pages\",\"parent\":\"page\",\"title\":\"Recent\"},\"useNavJSON\":true,\"nav\":[{\"url\":\"?edited=1\",\"label\":\"Edited\",\"icon\":\"users\",\"navJSON\":\"navJSON\\/?edited=1\"},{\"url\":\"?added=1\",\"label\":\"Created\",\"icon\":\"users\",\"navJSON\":\"navJSON\\/?added=1\"},{\"url\":\"?edited=1&me=1\",\"label\":\"Edited by me\",\"icon\":\"user\",\"navJSON\":\"navJSON\\/?edited=1&me=1\"},{\"url\":\"?added=1&me=1\",\"label\":\"Created by me\",\"icon\":\"user\",\"navJSON\":\"navJSON\\/?added=1&me=1\"},{\"url\":\"another\\/\",\"label\":\"Add another\",\"icon\":\"plus-circle\",\"navJSON\":\"anotherNavJSON\\/\"}]},\"ProcessForgotPassword\":{\"name\":\"ProcessForgotPassword\",\"title\":\"Forgot Password\",\"version\":104,\"versionStr\":\"1.0.4\",\"summary\":\"Provides password reset\\/email capability for the Login process.\",\"permission\":\"page-view\",\"created\":1723821743,\"installed\":false,\"configurable\":4,\"core\":true},\"ProcessLogger\":{\"name\":\"ProcessLogger\",\"title\":\"Logs\",\"version\":2,\"versionStr\":\"0.0.2\",\"author\":\"Ryan Cramer\",\"summary\":\"View and manage system logs.\",\"icon\":\"tree\",\"permission\":\"logs-view\",\"permissions\":{\"logs-view\":\"Can view system logs\",\"logs-edit\":\"Can manage system logs\"},\"created\":1723821743,\"installed\":false,\"core\":true,\"page\":{\"name\":\"logs\",\"parent\":\"setup\",\"title\":\"Logs\"},\"useNavJSON\":true},\"ProcessPageClone\":{\"name\":\"ProcessPageClone\",\"title\":\"Page Clone\",\"version\":106,\"versionStr\":\"1.0.6\",\"summary\":\"Provides ability to clone\\/copy\\/duplicate pages in the admin. Adds a &quot;copy&quot; option to all applicable pages in the PageList.\",\"permission\":\"page-clone\",\"permissions\":{\"page-clone\":\"Clone a page\",\"page-clone-tree\":\"Clone a tree of pages\"},\"autoload\":\"template=admin\",\"created\":1723821743,\"installed\":false,\"configurable\":4,\"core\":true,\"page\":{\"name\":\"clone\",\"title\":\"Clone\",\"parent\":\"page\",\"status\":1024}},\"TemplateEngineTwig\":{\"name\":\"TemplateEngineTwig\",\"title\":\"Template Engine Twig\",\"version\":301,\"versionStr\":\"3.0.1\",\"author\":\"Stefan Wanzenried\",\"summary\":\"Twig templates for the TemplateEngineFactory\",\"href\":\"https:\\/\\/processwire.com\\/talk\\/topic\\/6835-module-twig-for-the-templateenginefactory\\/\",\"requiresVersions\":{\"TemplateEngineFactory\":[\">=\",\"2.0.0\"],\"PHP\":[\">=\",\"7.0\"],\"ProcessWire\":[\">=\",\"3.0\"]},\"autoload\":true,\"singular\":true,\"created\":1691095657,\"installed\":false,\"configurable\":true},\"TemplateEngineProcesswire\":{\"name\":\"TemplateEngineProcesswire\",\"title\":\"Template Engine ProcessWire\",\"version\":210,\"versionStr\":\"2.1.0\",\"author\":\"Stefan Wanzenried\",\"summary\":\"ProcessWire templates for the TemplateEngineFactory.\",\"requiresVersions\":{\"TemplateEngineFactory\":[\">=\",\"2.0.0\"],\"PHP\":[\">=\",\"7.0\"],\"ProcessWire\":[\">=\",\"3.0\"]},\"autoload\":true,\"singular\":true,\"created\":1625431682,\"installed\":false},\"TextformatterRockFrontend\":{\"name\":\"TextformatterRockFrontend\",\"title\":\"RockFrontend Textformatter\",\"version\":\"1.0.0\",\"versionStr\":\"1.0.0\",\"summary\":\"Textformatter to manage consent\",\"created\":1723922607,\"installed\":false,\"configurable\":4}}', '2024-08-17 21:04:34');
INSERT INTO `modules` (`id`, `class`, `flags`, `data`, `created`) VALUES('164', '.ModulesVersions.info', '8192', '[]', '2024-08-17 21:04:34');
INSERT INTO `modules` (`id`, `class`, `flags`, `data`, `created`) VALUES('175', 'ProcessRecentPages', '1', '', '2024-08-17 21:04:34');
INSERT INTO `modules` (`id`, `class`, `flags`, `data`, `created`) VALUES('187', 'AdminThemeUikit', '10', '', '2024-08-17 21:04:34');
INSERT INTO `modules` (`id`, `class`, `flags`, `data`, `created`) VALUES('200', 'ProcessLogger', '1', '', '2024-08-17 21:04:43');
INSERT INTO `modules` (`id`, `class`, `flags`, `data`, `created`) VALUES('205', 'InputfieldIcon', '0', '', '2024-08-17 21:04:43');
INSERT INTO `modules` (`id`, `class`, `flags`, `data`, `created`) VALUES('256', 'AutocompleteModuleClassName', '10', '{\"directory_list\":\"Abbreviate\\nAccessByQueryString\\nAddImageUrls\\nAddTemplateEnhancements\\nAdminActionsReplaceHome\\nAdminActionsUnorderedListToPages\\nAdminAutosizeTextareas\\nAdminBar\\nAdminCustomFiles\\nAdminDeselectRadios\\nAdminDevModeColors\\nAdminHelp\\nAdminHelperLinks\\nAdminInModal\\nAdminLinksInFrontend\\nAdminModalception\\nAdminOnSteroids\\nAdminPageFieldEditLinks\\nAdminPreSaveValidation\\nAdminRestrictBranch\\nAdminRestrictBranchSelect\\nAdminRestrictPageTree\\nAdminSaveActions\\nAdminStyleChroma\\nAdminStyleDark\\nAdminStyleRock\\nAdminTemplateColumns\\nAdminThemeBoss\\nAdminThemeCanvas\\nAdminTouch\\nAdoptDefaultsFromParents\\nAjaxIntercoolerJS\\nAllInOneMinify\\nAlpineJS\\nAlternativeGridFiles\\nAlternativeGridImages\\nAmazonS3Cloudfront\\nAngularJS\\nAnonymizeFields\\nAppApi\\nAppApiFile\\nAppApiPage\\nAssets\\nAuth2FactorPPP\\nAutoAvif\\nAutocompleteModuleClassName\\nAutoExportTemplatesAndFields\\nAutoFbPost\\nAutoSmush\\nAutoTemplateStubs\\nBatchChildEditor\\nbbstarter\\nBlackhole\\nBlueVrSiteProfile\\nBreadcrumbDropdowns\\nCacheNesting\\nCachePlaceholders\\nCacheRedis\\nCaptchaSlide\\nCheckboxReversed\\nCiTrigger\\nCkeLinkFiles\\nComponent\\nConnectPageFields\\nContinentsAndCountries\\nCookieManagementBanner\\nCopyMarkdown\\nCountViews\\nCronjobDatabaseBackup\\nCronjobEmptyTrash\\nCroppableImage\\nCroppableImage3\\nCryptoPPP\\nCustomAdminMenus\\nCustomInputfieldAttributes\\nCustomInputfieldDependencies\\nCustomLogs\\nCustomPaths\\nDashboard\\nDatabaseCounters\\nDataSet\\nDebugModeSwitch\\nDebugPerfmon\\nDelayedImageVariations\\nDiscussions\\nDownloadGuard\\nDrLunesTypeManager\\nDuplicator\\nDynamicDescriptionNotes\\nEditorialResponsiveBlogProfile\\nElasticSearch\\nElasticsearchFeeder\\nEmailNewUser\\nEmailObfuscation\\nEmailToEncryptedMailto\\nEmailVerification\\nEventLoader\\nFacebookEvents\\nFacebookLogin\\nFieldDescriptionsExtended\\nFieldInitialValue\\nFieldtypeBusinessHours\\nFieldtypeButton\\nFieldtypeColor\\nFieldtypeColorPicker\\nFieldtypeComments\\nFieldtypeConcat\\nFieldtypeCropImage\\nFieldtypeDatetimeAdvanced\\nFieldtypeDecimal\\nFieldtypeDynamicOptions\\nFieldtypeEmailLanguage\\nFieldtypeEvents\\nFieldtypeFields\\nFieldtypeFontIconPicker\\nFieldtypeFormSelect\\nFieldtypeFunctional\\nFieldtypeGeocoder\\nFieldtypeGrapick\\nFieldtypeGridSpace\\nFieldtypeHandsontable\\nFieldtypeImageMarker\\nFieldtypeLeafletMapMarker\\nFieldtypeMapDrawFeatures\\nFieldtypeMapMarker\\nFieldtypeMatrix\\nFieldtypeMeasurement\\nFieldtypeModules\\nFieldtypeMultiplier\\nFieldtypeObjectDimensions\\nFieldtypeOembed\\nFieldtypeOpeningHours\\nFieldtypeOpenWeatherMap\\nFieldtypePageContextData\\nFieldtypePageGrid\\nFieldtypePageIDs\\nFieldtypePagesSelectorQuery\\nFieldtypePageTableExtended\\nFieldtypePageWithDate\\nFieldtypePDF\\nFieldtypePhone\\nFieldtypePoll\\nFieldtypeQRCode\\nFieldtypeRecurringDates\\nFieldtypeRepeater\\nFieldtypeRockAwesome\\nFieldtypeRockGrid\\nFieldtypeRuntimeMarkup\\nFieldtypeRuntimeOnly\\nFieldtypeSelectExtOption\\nFieldtypeSelectFile\\nFieldtypeStarRating\\nFieldtypeStars\\nFieldtypeStreetAddress\\nFieldtypeTable\\nFieldtypeTextareas\\nFieldtypeTextUnique\\nFieldtypeURLLanguage\\nFieldtypeYaml\\nFileMover\\nFilesRenameReplace\\nFileValidatorImage\\nFileValidatorSvgSanitizer\\nFindMerge\\nFlagPages\\nFlowtiAppPerformance\\nFluency\\nFormBuilder\\nFormBuilderDefaultData\\nFormBuilderHtmx\\nFormBuilderProcessorTripleseat\\nFormHelper\\nFormTemplateProcessor\\nFormTemplateProcessorMailer\\nFoundationSiteProfile\\nFredi\\nFrontendContact\\nFrontEndEditLightbox\\nFrontendForms\\nFrontendLoginRegister\\nFrontendUser\\nFrontendUserProfile\\nGeoInfo\\nGithubConnect\\nGoogleClientAPI\\nGooglePlaceDetails\\nGraphQLFieldtypeMapMarker\\nGrayscalePw\\nGuidGenerator\\nHannaCodeDialog\\nHannaCodeDialogTiny\\nHannaCodeHelper\\nHelloworld\\nHelperFieldLinks\\nHTML5Boilerplate\\nIconsFilter\\nIcsGenerator\\nImageAnimatedGif\\nImageBlurhash\\nImageColorThief\\nImageCropRatios\\nImageExtra\\nImageFileDependencies\\nImageMegapixels\\nImageOptim\\nImagePlaceholders\\nImageRasterizer\\nImageSizerEngineIMagickCLI\\nImageSizerEngineNetpbmCLI\\nImageThumbnailTags\\nImportExternalImages\\nImportPagesCSV\\nImportPagesPrestashop\\nImportPagesXml\\nIndexer\\nInlineEditor\\nInputfieldAceExtended\\nInputfieldChosenSelect\\nInputfieldEasyMDE\\nInputfieldFileSort\\nInputfieldFlickr\\nInputfieldFloatRange\\nInputfieldHCaptcha\\nInputfieldImageMarkdownCodeAdditionalFields\\nInputfieldMarkupCKEditor\\nInputfieldPageAutocomplete\\nInputfieldRecurme\\nInputfieldRepeaterMatrixDuplicate\\nInputfieldSelectImages\\nInputfieldSelectize\\nInputfieldSelectMultipleTransfer\\nInputfieldSelectorSelectID\\nInputfieldSimpleMDE\\nInputfieldSlideToggle\\nInputfieldSourceCode\\nInputfieldTextareaMarkup\\nInputfieldTextareaTabKey\\nInputfieldTime\\nInputfieldTinyMCE\\nInputfieldTrumbowyg\\nInputfieldURLChecker\\nInstagramBasicDisplayApi\\nInstagramFeed\\nIntegerAutoIncrement\\nItrkService\\nJkImagePlaceholder\\nJkPublishPages\\nJqueryCollagePlus\\nJqueryFileUpload\\nJqueryIonRangeSlider\\nJquerySelectize\\nKnowledgeBaseSiteProfile\\nLanguageSupport\\nLanguageTranslatorTwig\\nLazyCron\\nLess\\nLibLocalisation\\nLimitedModuleEdit\\nLimitPageTable\\nLimitRepeater\\nLimitTable\\nLinkShortener\\nListerNativeDateFormat\\nListerToClipboard\\nLiveChatTawkTo\\nLocalAudioFiles\\nLoginFacebook\\nLoginFailNotifier\\nLoginNotifier\\nLoginPersist\\nLoginScheduler\\nLoginTimer\\nLoginWithEmail\\nLogsJsonViewer\\nLoolEditor\\nLumberjack\\nMailDebugger\\nMaintenanceMode\\nMarkInPageTree\\nMarkupActivityLog\\nMarkupAdaptive\\nMarkupBrowserUpdate\\nMarkupCache\\nMarkupContentSecurityPolicy\\nMarkupCookieConsent\\nMarkupCrossfade\\nMarkupCustomPageList\\nMarkupDribbbleFeed\\nMarkupGoogleRecaptcha\\nMarkupHTMLPurifier\\nMarkupiCalendar\\nMarkupJsonLDSchema\\nMarkupLoadAtom\\nMarkupLoadRSS\\nMarkupMenu\\nMarkupMetadata\\nMarkupPlyrMediaPlayer\\nMarkupProcesswirePhotoswipe\\nMarkupRSS\\nMarkupRSSEnhanced\\nMarkupSimpleNavigation\\nMarkupSitemap\\nMarkupSitemapXML\\nMarkupSocialShareButtons\\nMarkupSrcSet\\nMarkupTwitterFeed\\nMatomoWire\\nMediaLibrary\\nMembersMessaging\\nMetadataExif\\nMigrations\\nMillBlog\\nMillSite\\nMinify\\nMinifyPageRender\\nMinimalFieldset\\nModuleReleaseNotes\\nModuleSettingsImportExport\\nModulesManager2\\nModulesQuickFilter\\nMystique\\nNewsletterSubscription\\nNiftyPasswordsPlus\\nNoCookieWithoutConsent\\nOauth2Login\\nOneTimeOnlyCode\\nPageAccessReleasetime\\nPageCleanEmptyDirs\\nPageEditFieldPermission\\nPageEditLockFields\\nPageEditPerRole\\nPageEditPerUser\\nPageEditRestore\\nPageFieldInfo\\nPagefieldPairs\\nPageGridBlocks\\nPageHitCounter\\nPageimageAssistant\\nPageImageManipulator\\nPageimageRemoveVariations\\nPageimageSource\\nPageimageSrcset\\nPageListAutoExpand\\nPageListBetterLabels\\nPageListCustomChildren\\nPageListImageLabel\\nPageListSelectMultipleQuickly\\nPageListSelectUnselectButton\\nPageListShowPageId\\nPageMjmlToHtml\\nPageProtector\\nPageQueryBoss\\nPageReferenceDefaultValue\\nPageRenameOptions\\nPageRenderFindReplace\\nPageRenderIPRestriction\\nPages2JSON\\nPages2Pdf\\nPagesAtBottom\\nPagesMapManager\\nPagesSum\\nPageTableExtraActions\\nPageTableNext\\nPageTreeAddNewChildsReverse\\nPageUseIdAsName\\nPasswordBannedList\\nPasswordForceChange\\nPasswordGenerator\\nPaymentModule\\nPaymentMollie\\nPaymentPaypal\\nPaymentStripe\\nPayWhirlAPI\\nPodcastProfile\\nPostProcessUrl\\nPrevNextTabs\\nPrivacyWire\\nProCache\\nProCacheSync\\nProcess404Logger\\nProcess404Search\\nProcessAccessOverview\\nProcessAdminActions\\nProcessAdminCustomPages\\nProcessAssetsBackups\\nProcessBlog\\nProcessCacheControl\\nProcessChangelog\\nProcessCronJobs\\nProcessCustomUploadNames\\nProcessDashboard\\nProcessDashboardTasks\\nProcessDatabaseBackups\\nProcessDataImport\\nProcessDateArchiver\\nProcessDbMigrate\\nProcessDebugPageFields\\nProcessDiagnostics\\nProcessDocumentation\\nProcessDynamicSelects\\nProcessEmailToPage\\nProcessExportProfile\\nProcessFieldChangeNotifier\\nProcessFileEdit\\nProcessFileManager\\nProcessForgotPassword\\nProcessGcalEmbed\\nProcessGeneralSettings\\nProcessGetVideoThumbs\\nProcessGraphQL\\nProcessHello\\nProcessIndieAuth\\nProcessJumplinks\\nProcessLanguageFieldExportImport\\nProcessListerSelector\\nProcessLoginHistory\\nProcessLogstash\\nProcessMediaLister\\nProcessMediaManager\\nProcessMenuBuilder\\nProcessModuleApiDoc\\nProcessModuleLicense\\nProcessNetteTester\\nProcessPageClone\\nProcessPageCloneAdaptUrls\\nProcessPageFieldSelectCreator\\nProcessPageListerUrls\\nProcessPageListMultipleSorting\\nProcessPageRedirects\\nProcessPagesExport\\nProcessPageViewStat\\nProcessPodcastSubscriptions\\nProcessRecurringEvents\\nProcessRedirectIds\\nProcessRedirects\\nProcessSessionInfo\\nProcessSetupPageName\\nProcessSlider\\nProcessSwitchUser\\nProcessTagParserTest\\nProcessTemplateAccess\\nProcessTerminal\\nProcessTranslatePage\\nProcessTrashman\\nProcessVariations\\nProcessVisualPageSelector\\nProcessWireBootstrap4\\nProcessWireFoundation6\\nProcessWirePublishDate\\nProcessWireUpgrade\\nProtectedMode\\nPublishAsHidden\\nPublishToTwitter\\nPulsewayPush\\nPushAlert\\nPwat\\nPWCron\\nPWpodcast\\nReactions\\nRedBeanPHP\\nRepeaterDepthHelper\\nRepeaterEasySort\\nRepeaterImages\\nRestApi\\nRestApiProfile\\nRestrictMultiLanguageBranch\\nRestrictRepeaterMatrix\\nRestrictTabView\\nRockAdminTweaks\\nRockAnalytics\\nRockBirthday\\nRockCalculator1\\nRockColorPicker\\nRockFinder\\nRockFinder2\\nRockFinder3\\nRockFrontend\\nRockIframe\\nRockLanguage\\nRockLESS\\nRockMailLogger\\nRockMigrations\\nRockMigrations1\\nRockOptionsApi\\nRockPdf\\nRockSkinUikit\\nSamlAuth\\nSanitizerEasySlugger\\nSanitizerTransliterate\\nSassify\\nScheduleCloudBackups\\nScss\\nSearchEngine\\nSearchEngineFileIndexer\\nSelectizeAll\\nSelectizeImageTags\\nSelectizeTemplateFieldTags\\nSelectOncePerTable\\nSeoMaestro\\nSeoTextWidth\\nServiceCurrencyConversion\\nServiceIPGeolocation\\nSessionAllow\\nSessionHandlerRedis\\nSessionLoginAlarm\\nSessionViewer\\nSettingsFactory\\nSimpleContactForm\\nSimpleForms\\nsite-invoices\\nSite-Simple-Blog\\nsite-simple-blog-multilanguage\\nSiteBs4\\nSiteMinimal\\nSiteRockFrontend\\nSiteSpectre\\nSiteTwilight\\nSkipInputfieldLabel\\nSmartyTemplating\\nSnippets\\nSnipWire\\nSpex\\nStaticWire\\nStripedTravelBlogTemplateResponsive\\nStronglyTypedTravelBlogTemplate\\nSubscribers\\nSubscribeToMailchimp\\nSymmetricEncryptedText\\nTableCsvImportExport\\nTagsToFolders\\nTasker\\nTemplateAccessLog\\nTemplateEngineFactory\\nTemplateEngineLatte\\nTemplateEngineMustache\\nTemplateEnginePug\\nTemplateEngineSmarty\\nTemplateEngineTwig\\nTemplateFieldWidths\\nTemplateFileHelper\\nTemplateLatteReplace\\nTemplateOncePerParent\\nTemplateParents\\nTemplatePreviewImages\\nTemplatesChildPages\\nTemplateTagsEditList\\nTemplateTwig\\nTextformatterAccordion\\nTextformatterAudioEmbed\\nTextformatterAutoAnchor\\nTextformatterAutoLinks\\nTextformatterAutoParagraph\\nTextformatterAutoSchema\\nTextformatterBBCode\\nTextformatterCodeBlocks\\nTextformatterCurrency\\nTextformatterEmoji\\nTextformatterExternalRedirect\\nTextformatterFileInfo\\nTextformatterFindReplace\\nTextformatterFluidImages\\nTextformatterFootnotes\\nTextformatterGlossary\\nTextformatterGoogleMaps\\nTextformatterHannaCode\\nTextformatterIframeEmbed\\nTextformatterImageFieldMarkup\\nTextformatterImageInterceptor\\nTextformatterImageTags\\nTextformatterImgDataUri\\nTextformatterJsonDecode\\nTextformatterLiteYouTubeEmbed\\nTextformatterMakeLinks\\nTextformatterMarkdownInMarkup\\nTextformatterMultiValue\\nTextformatterOEmbed\\nTextformatterPageImages\\nTextformatterPageTitleLinks\\nTextformatterPagination\\nTextformatterParsedownExtraPlugin\\nTextformatterPrism\\nTextformatterProcessImages\\nTextformatterRemoveBlocks\\nTextformatterRemoveEmptyParagraphs\\nTextformatterReplaceCurlyQuotes\\nTextformatterRockDown\\nTextformatterRockHeadlineIDs\\nTextformatterSoundmanager\\nTextformatterTagParser\\nTextformatterTextBlocks\\nTextformatterTextile\\nTextformatterThinspace\\nTextformatterThinspacePlus\\nTextformatterTokens\\nTextformatterTypographer\\nTextformatterVideoEmbed\\nTextformatterVideoEmbedOptions\\nTextformatterVideoMarkup\\nTextformatterWebpImages\\nTextformatterWrapTable\\nTextInputAwesomplete\\nTfaEmail\\nTfaTotp\\nTfaU2F\\nTfaWebAuthn\\nTinyBar\\nTracyDebugger\\nTrelloWire\\nTwack\\nTwigExtensions\\nUikit3MinimalProfile\\nUniqueImageVariations\\nUnsemanticSiteProfile\\nUpdMostViewed\\nValidation\\nVerifyLinks\\nVersionControl\\nVersionControlForTextFields\\nVideoOrSocialPostEmbed\\nWayFathomAnalytics\\nWebmention\\nWebpToJpg\\nWireCacheFilesystem\\nWireframe\\nWireframeRendererLatte\\nWireframeRendererTwig\\nWireMailBranding\\nWireMailBrevo\\nWireMailChimp\\nWireMailGmail\\nWireMailgun\\nWireMailMailgun\\nWireMailMandrill\\nWireMailPHPMailer\\nWireMailPostmark\\nWireMailPostmarkApp\\nWireMailRouter\\nWireMailSendGrid\\nWireMailSmtp\\nWireMailSwiftMailer\\nWireQueue\\nWireWordTools\",\"options_type\":\"directory_list\",\"custom_list\":\"\",\"url_list\":\"\",\"use_fuzzy\":1,\"awesomplete_options\":\"autoFirst: true,\\nmaxItems: 15\"}', '2024-08-17 21:05:43');
INSERT INTO `modules` (`id`, `class`, `flags`, `data`, `created`) VALUES('273', 'ImportPagesCSV', '1', '', '2024-08-17 21:06:59');
INSERT INTO `modules` (`id`, `class`, `flags`, `data`, `created`) VALUES('290', 'ProcessDatabaseBackups', '1', '', '2024-08-17 21:07:15');
INSERT INTO `modules` (`id`, `class`, `flags`, `data`, `created`) VALUES('295', 'InputfieldTextTags', '0', '', '2024-08-17 21:07:26');
INSERT INTO `modules` (`id`, `class`, `flags`, `data`, `created`) VALUES('306', 'TemplateEngineFactory', '3', '{\"engine\":\"Twig\",\"templates_path\":\"templates\\/views\\/\",\"auto_page_render\":1,\"api_var\":\"view\",\"enabled_templates\":[],\"disabled_templates\":[]}', '2024-08-17 21:14:46');
INSERT INTO `modules` (`id`, `class`, `flags`, `data`, `created`) VALUES('311', 'TemplateEngineTwig', '3', '{\"template_files_suffix\":\"twig\",\"api_vars_available\":1,\"debug\":\"config\",\"auto_reload\":1,\"strict_variables\":1,\"auto_escape\":\"\"}', '2024-08-17 21:14:58');
INSERT INTO `modules` (`id`, `class`, `flags`, `data`, `created`) VALUES('328', 'RockFrontend', '3', '{\"noLayoutFile\":\"\",\"copyLayoutFile\":\"\",\"layoutFile\":\"layout.latte\",\"ideLinkHandler\":\"\",\"webfonts\":\"\",\"remBase\":16,\"features\":[],\"topbarz\":\"\",\"m_name\":\"\",\"m_theme_color\":\"\",\"m_background_color\":\"\",\"postCssTool\":\"\",\"profile\":\"\",\"uikit\":\"\"}', '2024-08-17 21:23:31');
INSERT INTO `modules` (`id`, `class`, `flags`, `data`, `created`) VALUES('333', 'TextformatterMarkdownExtra', '1', '', '2024-08-17 21:23:31');

DROP TABLE IF EXISTS `pages`;
CREATE TABLE `pages` (
  `id` int(10) unsigned NOT NULL AUTO_INCREMENT,
  `parent_id` int(11) unsigned NOT NULL DEFAULT 0,
  `templates_id` int(11) unsigned NOT NULL DEFAULT 0,
  `name` varchar(128) CHARACTER SET ascii COLLATE ascii_general_ci NOT NULL,
  `status` int(10) unsigned NOT NULL DEFAULT 1,
  `modified` timestamp NOT NULL DEFAULT current_timestamp(),
  `modified_users_id` int(10) unsigned NOT NULL DEFAULT 2,
  `created` timestamp NOT NULL DEFAULT '2015-12-18 07:09:00',
  `created_users_id` int(10) unsigned NOT NULL DEFAULT 2,
  `published` datetime DEFAULT NULL,
  `sort` int(11) NOT NULL DEFAULT 0,
  PRIMARY KEY (`id`),
  UNIQUE KEY `name_parent_id` (`name`,`parent_id`),
  KEY `parent_id` (`parent_id`),
  KEY `templates_id` (`templates_id`),
  KEY `modified` (`modified`),
  KEY `created` (`created`),
  KEY `status` (`status`),
  KEY `published` (`published`)
) ENGINE=InnoDB AUTO_INCREMENT=1019 DEFAULT CHARSET=utf8mb4 COLLATE=utf8mb4_general_ci;

INSERT INTO `pages` (`id`, `parent_id`, `templates_id`, `name`, `status`, `modified`, `modified_users_id`, `created`, `created_users_id`, `published`, `sort`) VALUES('1', '0', '1', 'home', '9', '2024-08-17 21:04:24', '41', '2024-08-17 21:04:24', '41', '2024-08-17 19:04:24', '0');
INSERT INTO `pages` (`id`, `parent_id`, `templates_id`, `name`, `status`, `modified`, `modified_users_id`, `created`, `created_users_id`, `published`, `sort`) VALUES('2', '1', '2', 'processwire', '1035', '2024-08-17 21:04:34', '40', '2024-08-17 21:04:24', '41', '2024-08-17 19:04:24', '5');
INSERT INTO `pages` (`id`, `parent_id`, `templates_id`, `name`, `status`, `modified`, `modified_users_id`, `created`, `created_users_id`, `published`, `sort`) VALUES('3', '2', '2', 'page', '21', '2024-08-17 21:04:24', '41', '2024-08-17 21:04:24', '41', '2024-08-17 19:04:24', '0');
INSERT INTO `pages` (`id`, `parent_id`, `templates_id`, `name`, `status`, `modified`, `modified_users_id`, `created`, `created_users_id`, `published`, `sort`) VALUES('6', '3', '2', 'add', '21', '2024-08-17 21:04:46', '40', '2024-08-17 21:04:24', '41', '2024-08-17 19:04:24', '1');
INSERT INTO `pages` (`id`, `parent_id`, `templates_id`, `name`, `status`, `modified`, `modified_users_id`, `created`, `created_users_id`, `published`, `sort`) VALUES('7', '1', '2', 'trash', '1039', '2024-08-17 21:04:24', '41', '2024-08-17 21:04:24', '41', '2024-08-17 19:04:24', '6');
INSERT INTO `pages` (`id`, `parent_id`, `templates_id`, `name`, `status`, `modified`, `modified_users_id`, `created`, `created_users_id`, `published`, `sort`) VALUES('8', '3', '2', 'list', '21', '2024-08-17 21:04:46', '41', '2024-08-17 21:04:24', '41', '2024-08-17 19:04:24', '0');
INSERT INTO `pages` (`id`, `parent_id`, `templates_id`, `name`, `status`, `modified`, `modified_users_id`, `created`, `created_users_id`, `published`, `sort`) VALUES('9', '3', '2', 'sort', '1047', '2024-08-17 21:04:24', '41', '2024-08-17 21:04:24', '41', '2024-08-17 19:04:24', '3');
INSERT INTO `pages` (`id`, `parent_id`, `templates_id`, `name`, `status`, `modified`, `modified_users_id`, `created`, `created_users_id`, `published`, `sort`) VALUES('10', '3', '2', 'edit', '1045', '2024-08-17 21:04:46', '41', '2024-08-17 21:04:24', '41', '2024-08-17 19:04:24', '4');
INSERT INTO `pages` (`id`, `parent_id`, `templates_id`, `name`, `status`, `modified`, `modified_users_id`, `created`, `created_users_id`, `published`, `sort`) VALUES('11', '22', '2', 'template', '21', '2024-08-17 21:04:24', '41', '2024-08-17 21:04:24', '41', '2024-08-17 19:04:24', '0');
INSERT INTO `pages` (`id`, `parent_id`, `templates_id`, `name`, `status`, `modified`, `modified_users_id`, `created`, `created_users_id`, `published`, `sort`) VALUES('16', '22', '2', 'field', '21', '2024-08-17 21:04:24', '41', '2024-08-17 21:04:24', '41', '2024-08-17 19:04:24', '2');
INSERT INTO `pages` (`id`, `parent_id`, `templates_id`, `name`, `status`, `modified`, `modified_users_id`, `created`, `created_users_id`, `published`, `sort`) VALUES('21', '2', '2', 'module', '21', '2024-08-17 21:04:24', '41', '2024-08-17 21:04:24', '41', '2024-08-17 19:04:24', '2');
INSERT INTO `pages` (`id`, `parent_id`, `templates_id`, `name`, `status`, `modified`, `modified_users_id`, `created`, `created_users_id`, `published`, `sort`) VALUES('22', '2', '2', 'setup', '21', '2024-08-17 21:04:24', '41', '2024-08-17 21:04:24', '41', '2024-08-17 19:04:24', '1');
INSERT INTO `pages` (`id`, `parent_id`, `templates_id`, `name`, `status`, `modified`, `modified_users_id`, `created`, `created_users_id`, `published`, `sort`) VALUES('23', '2', '2', 'login', '1035', '2024-08-17 21:04:24', '41', '2024-08-17 21:04:24', '41', '2024-08-17 19:04:24', '4');
INSERT INTO `pages` (`id`, `parent_id`, `templates_id`, `name`, `status`, `modified`, `modified_users_id`, `created`, `created_users_id`, `published`, `sort`) VALUES('27', '1', '29', 'http404', '1035', '2024-08-17 21:04:24', '41', '2024-08-17 21:04:24', '3', '2024-08-17 19:04:24', '4');
INSERT INTO `pages` (`id`, `parent_id`, `templates_id`, `name`, `status`, `modified`, `modified_users_id`, `created`, `created_users_id`, `published`, `sort`) VALUES('28', '2', '2', 'access', '13', '2024-08-17 21:04:24', '41', '2024-08-17 21:04:24', '41', '2024-08-17 19:04:24', '3');
INSERT INTO `pages` (`id`, `parent_id`, `templates_id`, `name`, `status`, `modified`, `modified_users_id`, `created`, `created_users_id`, `published`, `sort`) VALUES('29', '28', '2', 'users', '29', '2024-08-17 21:04:24', '41', '2024-08-17 21:04:24', '41', '2024-08-17 19:04:24', '0');
INSERT INTO `pages` (`id`, `parent_id`, `templates_id`, `name`, `status`, `modified`, `modified_users_id`, `created`, `created_users_id`, `published`, `sort`) VALUES('30', '28', '2', 'roles', '29', '2024-08-17 21:04:24', '41', '2024-08-17 21:04:24', '41', '2024-08-17 19:04:24', '1');
INSERT INTO `pages` (`id`, `parent_id`, `templates_id`, `name`, `status`, `modified`, `modified_users_id`, `created`, `created_users_id`, `published`, `sort`) VALUES('31', '28', '2', 'permissions', '29', '2024-08-17 21:04:24', '41', '2024-08-17 21:04:24', '41', '2024-08-17 19:04:24', '2');
INSERT INTO `pages` (`id`, `parent_id`, `templates_id`, `name`, `status`, `modified`, `modified_users_id`, `created`, `created_users_id`, `published`, `sort`) VALUES('32', '31', '5', 'page-edit', '25', '2024-08-17 21:04:24', '41', '2024-08-17 21:04:24', '41', '2024-08-17 19:04:24', '2');
INSERT INTO `pages` (`id`, `parent_id`, `templates_id`, `name`, `status`, `modified`, `modified_users_id`, `created`, `created_users_id`, `published`, `sort`) VALUES('34', '31', '5', 'page-delete', '25', '2024-08-17 21:04:24', '41', '2024-08-17 21:04:24', '41', '2024-08-17 19:04:24', '3');
INSERT INTO `pages` (`id`, `parent_id`, `templates_id`, `name`, `status`, `modified`, `modified_users_id`, `created`, `created_users_id`, `published`, `sort`) VALUES('35', '31', '5', 'page-move', '25', '2024-08-17 21:04:24', '41', '2024-08-17 21:04:24', '41', '2024-08-17 19:04:24', '4');
INSERT INTO `pages` (`id`, `parent_id`, `templates_id`, `name`, `status`, `modified`, `modified_users_id`, `created`, `created_users_id`, `published`, `sort`) VALUES('36', '31', '5', 'page-view', '25', '2024-08-17 21:04:24', '41', '2024-08-17 21:04:24', '41', '2024-08-17 19:04:24', '0');
INSERT INTO `pages` (`id`, `parent_id`, `templates_id`, `name`, `status`, `modified`, `modified_users_id`, `created`, `created_users_id`, `published`, `sort`) VALUES('37', '30', '4', 'guest', '25', '2024-08-17 21:04:24', '41', '2024-08-17 21:04:24', '41', '2024-08-17 19:04:24', '0');
INSERT INTO `pages` (`id`, `parent_id`, `templates_id`, `name`, `status`, `modified`, `modified_users_id`, `created`, `created_users_id`, `published`, `sort`) VALUES('38', '30', '4', 'superuser', '25', '2024-08-17 21:04:24', '41', '2024-08-17 21:04:24', '41', '2024-08-17 19:04:24', '1');
INSERT INTO `pages` (`id`, `parent_id`, `templates_id`, `name`, `status`, `modified`, `modified_users_id`, `created`, `created_users_id`, `published`, `sort`) VALUES('40', '29', '3', 'guest', '25', '2024-08-17 21:04:24', '41', '2024-08-17 21:04:24', '41', '2024-08-17 19:04:24', '1');
INSERT INTO `pages` (`id`, `parent_id`, `templates_id`, `name`, `status`, `modified`, `modified_users_id`, `created`, `created_users_id`, `published`, `sort`) VALUES('41', '29', '3', 'admin', '1', '2024-08-17 21:04:34', '40', '2024-08-17 21:04:24', '41', '2024-08-17 19:04:24', '0');
INSERT INTO `pages` (`id`, `parent_id`, `templates_id`, `name`, `status`, `modified`, `modified_users_id`, `created`, `created_users_id`, `published`, `sort`) VALUES('50', '31', '5', 'page-sort', '25', '2024-08-17 21:04:24', '41', '2024-08-17 21:04:24', '41', '2024-08-17 19:04:24', '5');
INSERT INTO `pages` (`id`, `parent_id`, `templates_id`, `name`, `status`, `modified`, `modified_users_id`, `created`, `created_users_id`, `published`, `sort`) VALUES('51', '31', '5', 'page-template', '25', '2024-08-17 21:04:24', '41', '2024-08-17 21:04:24', '41', '2024-08-17 19:04:24', '6');
INSERT INTO `pages` (`id`, `parent_id`, `templates_id`, `name`, `status`, `modified`, `modified_users_id`, `created`, `created_users_id`, `published`, `sort`) VALUES('52', '31', '5', 'user-admin', '25', '2024-08-17 21:04:24', '41', '2024-08-17 21:04:24', '41', '2024-08-17 19:04:24', '10');
INSERT INTO `pages` (`id`, `parent_id`, `templates_id`, `name`, `status`, `modified`, `modified_users_id`, `created`, `created_users_id`, `published`, `sort`) VALUES('53', '31', '5', 'profile-edit', '1', '2024-08-17 21:04:24', '41', '2024-08-17 21:04:24', '41', '2024-08-17 19:04:24', '13');
INSERT INTO `pages` (`id`, `parent_id`, `templates_id`, `name`, `status`, `modified`, `modified_users_id`, `created`, `created_users_id`, `published`, `sort`) VALUES('54', '31', '5', 'page-lock', '1', '2024-08-17 21:04:24', '41', '2024-08-17 21:04:24', '41', '2024-08-17 19:04:24', '8');
INSERT INTO `pages` (`id`, `parent_id`, `templates_id`, `name`, `status`, `modified`, `modified_users_id`, `created`, `created_users_id`, `published`, `sort`) VALUES('300', '3', '2', 'search', '1045', '2024-08-17 21:04:24', '41', '2024-08-17 21:04:24', '41', '2024-08-17 19:04:24', '6');
INSERT INTO `pages` (`id`, `parent_id`, `templates_id`, `name`, `status`, `modified`, `modified_users_id`, `created`, `created_users_id`, `published`, `sort`) VALUES('301', '3', '2', 'trash', '1047', '2024-08-17 21:04:24', '41', '2024-08-17 21:04:24', '41', '2024-08-17 19:04:24', '6');
INSERT INTO `pages` (`id`, `parent_id`, `templates_id`, `name`, `status`, `modified`, `modified_users_id`, `created`, `created_users_id`, `published`, `sort`) VALUES('302', '3', '2', 'link', '1041', '2024-08-17 21:04:24', '41', '2024-08-17 21:04:24', '41', '2024-08-17 19:04:24', '7');
INSERT INTO `pages` (`id`, `parent_id`, `templates_id`, `name`, `status`, `modified`, `modified_users_id`, `created`, `created_users_id`, `published`, `sort`) VALUES('303', '3', '2', 'image', '1041', '2024-08-17 21:04:24', '41', '2024-08-17 21:04:24', '41', '2024-08-17 19:04:24', '8');
INSERT INTO `pages` (`id`, `parent_id`, `templates_id`, `name`, `status`, `modified`, `modified_users_id`, `created`, `created_users_id`, `published`, `sort`) VALUES('304', '2', '2', 'profile', '1025', '2024-08-17 21:04:24', '41', '2024-08-17 21:04:24', '41', '2024-08-17 19:04:24', '5');
INSERT INTO `pages` (`id`, `parent_id`, `templates_id`, `name`, `status`, `modified`, `modified_users_id`, `created`, `created_users_id`, `published`, `sort`) VALUES('1006', '31', '5', 'page-lister', '1', '2024-08-17 21:04:24', '40', '2024-08-17 21:04:24', '40', '2024-08-17 19:04:24', '9');
INSERT INTO `pages` (`id`, `parent_id`, `templates_id`, `name`, `status`, `modified`, `modified_users_id`, `created`, `created_users_id`, `published`, `sort`) VALUES('1007', '3', '2', 'lister', '1', '2024-08-17 21:04:24', '40', '2024-08-17 21:04:24', '40', '2024-08-17 19:04:24', '9');
INSERT INTO `pages` (`id`, `parent_id`, `templates_id`, `name`, `status`, `modified`, `modified_users_id`, `created`, `created_users_id`, `published`, `sort`) VALUES('1010', '3', '2', 'recent-pages', '1', '2024-08-17 21:04:34', '40', '2024-08-17 21:04:34', '40', '2024-08-17 19:04:34', '10');
INSERT INTO `pages` (`id`, `parent_id`, `templates_id`, `name`, `status`, `modified`, `modified_users_id`, `created`, `created_users_id`, `published`, `sort`) VALUES('1011', '31', '5', 'page-edit-recent', '1', '2024-08-17 21:04:34', '40', '2024-08-17 21:04:34', '40', '2024-08-17 19:04:34', '10');
INSERT INTO `pages` (`id`, `parent_id`, `templates_id`, `name`, `status`, `modified`, `modified_users_id`, `created`, `created_users_id`, `published`, `sort`) VALUES('1012', '22', '2', 'logs', '1', '2024-08-17 21:04:43', '40', '2024-08-17 21:04:43', '40', '2024-08-17 19:04:43', '2');
INSERT INTO `pages` (`id`, `parent_id`, `templates_id`, `name`, `status`, `modified`, `modified_users_id`, `created`, `created_users_id`, `published`, `sort`) VALUES('1013', '31', '5', 'logs-view', '1', '2024-08-17 21:04:43', '40', '2024-08-17 21:04:43', '40', '2024-08-17 19:04:43', '11');
INSERT INTO `pages` (`id`, `parent_id`, `templates_id`, `name`, `status`, `modified`, `modified_users_id`, `created`, `created_users_id`, `published`, `sort`) VALUES('1014', '31', '5', 'logs-edit', '1', '2024-08-17 21:04:43', '40', '2024-08-17 21:04:43', '40', '2024-08-17 19:04:43', '12');
INSERT INTO `pages` (`id`, `parent_id`, `templates_id`, `name`, `status`, `modified`, `modified_users_id`, `created`, `created_users_id`, `published`, `sort`) VALUES('1015', '22', '2', 'import-pages-csv', '1', '2024-08-17 21:06:59', '41', '2024-08-17 21:06:59', '41', '2024-08-17 21:06:59', '3');
INSERT INTO `pages` (`id`, `parent_id`, `templates_id`, `name`, `status`, `modified`, `modified_users_id`, `created`, `created_users_id`, `published`, `sort`) VALUES('1016', '22', '2', 'db-backups', '1', '2024-08-17 21:07:15', '41', '2024-08-17 21:07:15', '41', '2024-08-17 21:07:15', '4');
INSERT INTO `pages` (`id`, `parent_id`, `templates_id`, `name`, `status`, `modified`, `modified_users_id`, `created`, `created_users_id`, `published`, `sort`) VALUES('1017', '31', '5', 'db-backup', '1', '2024-08-17 21:07:15', '41', '2024-08-17 21:07:15', '41', '2024-08-17 21:07:15', '13');
INSERT INTO `pages` (`id`, `parent_id`, `templates_id`, `name`, `status`, `modified`, `modified_users_id`, `created`, `created_users_id`, `published`, `sort`) VALUES('1018', '31', '5', 'rockfrontend-alfred', '1', '2024-08-17 21:23:31', '41', '2024-08-17 21:23:31', '41', '2024-08-17 21:23:31', '14');

DROP TABLE IF EXISTS `pages_access`;
CREATE TABLE `pages_access` (
  `pages_id` int(11) NOT NULL,
  `templates_id` int(11) NOT NULL,
  `ts` timestamp NOT NULL DEFAULT current_timestamp() ON UPDATE current_timestamp(),
  PRIMARY KEY (`pages_id`),
  KEY `templates_id` (`templates_id`)
) ENGINE=InnoDB DEFAULT CHARSET=utf8mb4 COLLATE=utf8mb4_general_ci;

INSERT INTO `pages_access` (`pages_id`, `templates_id`, `ts`) VALUES('32', '2', '2024-08-17 21:04:24');
INSERT INTO `pages_access` (`pages_id`, `templates_id`, `ts`) VALUES('34', '2', '2024-08-17 21:04:24');
INSERT INTO `pages_access` (`pages_id`, `templates_id`, `ts`) VALUES('35', '2', '2024-08-17 21:04:24');
INSERT INTO `pages_access` (`pages_id`, `templates_id`, `ts`) VALUES('36', '2', '2024-08-17 21:04:24');
INSERT INTO `pages_access` (`pages_id`, `templates_id`, `ts`) VALUES('37', '2', '2024-08-17 21:04:24');
INSERT INTO `pages_access` (`pages_id`, `templates_id`, `ts`) VALUES('38', '2', '2024-08-17 21:04:24');
INSERT INTO `pages_access` (`pages_id`, `templates_id`, `ts`) VALUES('50', '2', '2024-08-17 21:04:24');
INSERT INTO `pages_access` (`pages_id`, `templates_id`, `ts`) VALUES('51', '2', '2024-08-17 21:04:24');
INSERT INTO `pages_access` (`pages_id`, `templates_id`, `ts`) VALUES('52', '2', '2024-08-17 21:04:24');
INSERT INTO `pages_access` (`pages_id`, `templates_id`, `ts`) VALUES('53', '2', '2024-08-17 21:04:24');
INSERT INTO `pages_access` (`pages_id`, `templates_id`, `ts`) VALUES('54', '2', '2024-08-17 21:04:24');
INSERT INTO `pages_access` (`pages_id`, `templates_id`, `ts`) VALUES('1006', '2', '2024-08-17 21:04:24');
INSERT INTO `pages_access` (`pages_id`, `templates_id`, `ts`) VALUES('1011', '2', '2024-08-17 21:04:34');
INSERT INTO `pages_access` (`pages_id`, `templates_id`, `ts`) VALUES('1013', '2', '2024-08-17 21:04:43');
INSERT INTO `pages_access` (`pages_id`, `templates_id`, `ts`) VALUES('1014', '2', '2024-08-17 21:04:43');
INSERT INTO `pages_access` (`pages_id`, `templates_id`, `ts`) VALUES('1017', '2', '2024-08-17 21:07:15');
INSERT INTO `pages_access` (`pages_id`, `templates_id`, `ts`) VALUES('1018', '2', '2024-08-17 21:23:31');

DROP TABLE IF EXISTS `pages_parents`;
CREATE TABLE `pages_parents` (
  `pages_id` int(10) unsigned NOT NULL,
  `parents_id` int(10) unsigned NOT NULL,
  PRIMARY KEY (`pages_id`,`parents_id`)
) ENGINE=InnoDB DEFAULT CHARSET=utf8mb4 COLLATE=utf8mb4_general_ci;

INSERT INTO `pages_parents` (`pages_id`, `parents_id`) VALUES('2', '1');
INSERT INTO `pages_parents` (`pages_id`, `parents_id`) VALUES('3', '1');
INSERT INTO `pages_parents` (`pages_id`, `parents_id`) VALUES('3', '2');
INSERT INTO `pages_parents` (`pages_id`, `parents_id`) VALUES('7', '1');
INSERT INTO `pages_parents` (`pages_id`, `parents_id`) VALUES('22', '1');
INSERT INTO `pages_parents` (`pages_id`, `parents_id`) VALUES('22', '2');
INSERT INTO `pages_parents` (`pages_id`, `parents_id`) VALUES('28', '1');
INSERT INTO `pages_parents` (`pages_id`, `parents_id`) VALUES('28', '2');
INSERT INTO `pages_parents` (`pages_id`, `parents_id`) VALUES('29', '1');
INSERT INTO `pages_parents` (`pages_id`, `parents_id`) VALUES('29', '2');
INSERT INTO `pages_parents` (`pages_id`, `parents_id`) VALUES('29', '28');
INSERT INTO `pages_parents` (`pages_id`, `parents_id`) VALUES('30', '1');
INSERT INTO `pages_parents` (`pages_id`, `parents_id`) VALUES('30', '2');
INSERT INTO `pages_parents` (`pages_id`, `parents_id`) VALUES('30', '28');
INSERT INTO `pages_parents` (`pages_id`, `parents_id`) VALUES('31', '1');
INSERT INTO `pages_parents` (`pages_id`, `parents_id`) VALUES('31', '2');
INSERT INTO `pages_parents` (`pages_id`, `parents_id`) VALUES('31', '28');

DROP TABLE IF EXISTS `pages_sortfields`;
CREATE TABLE `pages_sortfields` (
  `pages_id` int(10) unsigned NOT NULL DEFAULT 0,
  `sortfield` varchar(20) NOT NULL DEFAULT '',
  PRIMARY KEY (`pages_id`)
) ENGINE=InnoDB DEFAULT CHARSET=utf8mb4 COLLATE=utf8mb4_general_ci;


DROP TABLE IF EXISTS `session_login_throttle`;
CREATE TABLE `session_login_throttle` (
  `name` varchar(128) NOT NULL,
  `attempts` int(10) unsigned NOT NULL DEFAULT 0,
  `last_attempt` int(10) unsigned NOT NULL,
  PRIMARY KEY (`name`)
) ENGINE=InnoDB DEFAULT CHARSET=utf8mb4 COLLATE=utf8mb4_general_ci;

INSERT INTO `session_login_throttle` (`name`, `attempts`, `last_attempt`) VALUES('admin', '2', '1723921531');

DROP TABLE IF EXISTS `templates`;
CREATE TABLE `templates` (
  `id` int(10) unsigned NOT NULL AUTO_INCREMENT,
  `name` varchar(191) CHARACTER SET ascii COLLATE ascii_general_ci NOT NULL,
  `fieldgroups_id` int(10) unsigned NOT NULL DEFAULT 0,
  `flags` int(11) NOT NULL DEFAULT 0,
  `cache_time` mediumint(9) NOT NULL DEFAULT 0,
  `data` text NOT NULL,
  PRIMARY KEY (`id`),
  UNIQUE KEY `name` (`name`),
  KEY `fieldgroups_id` (`fieldgroups_id`)
) ENGINE=InnoDB AUTO_INCREMENT=45 DEFAULT CHARSET=utf8mb4 COLLATE=utf8mb4_general_ci;

INSERT INTO `templates` (`id`, `name`, `fieldgroups_id`, `flags`, `cache_time`, `data`) VALUES('1', 'home', '1', '0', '0', '{\"useRoles\":1,\"noParents\":1,\"slashUrls\":1,\"compile\":3,\"modified\":1723821743,\"ns\":\"ProcessWire\",\"_lazy\":1,\"roles\":[37]}');
INSERT INTO `templates` (`id`, `name`, `fieldgroups_id`, `flags`, `cache_time`, `data`) VALUES('2', 'admin', '2', '8', '0', '{\"useRoles\":1,\"parentTemplates\":[2],\"allowPageNum\":1,\"redirectLogin\":23,\"slashUrls\":1,\"noGlobal\":1,\"compile\":3,\"modified\":1723821743,\"ns\":\"ProcessWire\",\"_lazy\":1}');
INSERT INTO `templates` (`id`, `name`, `fieldgroups_id`, `flags`, `cache_time`, `data`) VALUES('3', 'user', '3', '8', '0', '{\"useRoles\":1,\"noChildren\":1,\"parentTemplates\":[2],\"slashUrls\":1,\"pageClass\":\"User\",\"noGlobal\":1,\"noMove\":1,\"noTrash\":1,\"noSettings\":1,\"noChangeTemplate\":1,\"nameContentTab\":1}');
INSERT INTO `templates` (`id`, `name`, `fieldgroups_id`, `flags`, `cache_time`, `data`) VALUES('4', 'role', '4', '8', '0', '{\"noChildren\":1,\"parentTemplates\":[2],\"slashUrls\":1,\"pageClass\":\"Role\",\"noGlobal\":1,\"noMove\":1,\"noTrash\":1,\"noSettings\":1,\"noChangeTemplate\":1,\"nameContentTab\":1}');
INSERT INTO `templates` (`id`, `name`, `fieldgroups_id`, `flags`, `cache_time`, `data`) VALUES('5', 'permission', '5', '8', '0', '{\"noChildren\":1,\"parentTemplates\":[2],\"slashUrls\":1,\"guestSearchable\":1,\"pageClass\":\"Permission\",\"noGlobal\":1,\"noMove\":1,\"noTrash\":1,\"noSettings\":1,\"noChangeTemplate\":1,\"nameContentTab\":1}');
INSERT INTO `templates` (`id`, `name`, `fieldgroups_id`, `flags`, `cache_time`, `data`) VALUES('29', 'basic-page', '83', '0', '0', '{\"slashUrls\":1,\"compile\":3,\"modified\":1723821743,\"ns\":\"ProcessWire\",\"_lazy\":\"*\"}');
INSERT INTO `templates` (`id`, `name`, `fieldgroups_id`, `flags`, `cache_time`, `data`) VALUES('43', 'books', '97', '0', '0', '{\"noParents\":-1,\"childTemplates\":[44],\"slashUrls\":1,\"compile\":0,\"modified\":1723921894,\"_lazy\":1}');
INSERT INTO `templates` (`id`, `name`, `fieldgroups_id`, `flags`, `cache_time`, `data`) VALUES('44', 'book', '98', '0', '0', '{\"noChildren\":1,\"parentTemplates\":[43],\"slashUrls\":1,\"compile\":0,\"modified\":1723921895,\"_lazy\":1}');

# --- /WireDatabaseBackup {"numTables":18,"numCreateTables":18,"numInserts":311,"numSeconds":0}